"playerId","player","team","position","age","exp","bye","points","lower","upper","sdPts","positionRank","dropoff","tier","ptSpread","overallECR","positionECR","sdRank","risk","sleeper","actualPoints","salary","ppdollar","overallRank"
2560757,"Lamar Jackson","BAL","QB",22,1,8,23.3047267564509,21.1506986681465,24.5920940116279,1.46881358163135,1,1.66014108052271,1,3.4413953434814,NA,2.1,0.5,4.59753237890711,NA,NA,8200,0.00284203984834767,NA
2557997,"Christian McCaffrey","CAR","RB",23,2,7,22.4012704402392,19.939179245283,24.1362933652617,1.71714246875387,1,3.97111342668532,1,4.19711411997865,NA,1.9,0.5,5.03583584916225,NA,NA,9700,0.002309409323736,NA
2558125,"Patrick Mahomes","KC","QB",NA,2,12,21.800920087195,19.66606,23.4506502049689,1.67023925391128,2,0.334087956933196,1,3.78459020496894,NA,1.2,0.4,4.77052558033556,NA,NA,9200,0.00236966522686902,NA
2558063,"Deshaun Watson","HOU","QB",24,2,10,21.4882512646613,20.54014,22.1412629361702,0.627251009081142,3,0.300806846450556,2,1.60112293617021,NA,2.8,0.6,3.34478264620339,NA,NA,8400,0.00255812515055492,NA
310,"Matt Ryan","ATL","QB",34,11,9,21.4454129958623,19.94236,22.3413810684153,1.18763443942587,4,0.775735074018794,2,2.39902106841532,NA,4.3,0.6,4.29001431255115,NA,NA,8100,0.00264758185134103,NA
2562382,"Kyler Murray","ARI","QB",49,0,12,20.9294758405592,17.9152214206437,22.5813542480211,1.83596018997299,5,0.536439176782334,2,4.66613282737738,NA,6.2,0.9,5.8838734129373,NA,NA,7700,0.00271811374552717,NA
2532975,"Russell Wilson","SEA","QB",31,7,11,20.4098800031279,19.17428,21.0565743669521,0.801184958959583,6,0.351683716751229,3,1.88229436695211,NA,5.2,0.9,4.13845721584438,NA,NA,8000,0.00255123500039099,NA
2555260,"Dak Prescott","DAL","QB",26,3,8,20.3761933244258,18.12488,21.2422723551402,1.24634662243047,7,0.940979671134155,3,3.11739235514019,NA,7.4,0.9,4.88933755628892,NA,NA,8000,0.00254702416555323,NA
2504211,"Tom Brady","NE","QB",42,19,10,19.7401992483275,18.90138,20.1286970046729,0.473843045541168,8,0.733615292105373,4,1.22731700467289,NA,7.1,1.1,3.91983700827076,NA,NA,7700,0.00256366224004253,NA
2555334,"Jared Goff","LAR","QB",25,3,9,19.1302280582558,16.5503091009989,20.6670307888199,1.50134279803596,9,0.508001634361698,4,4.11672168782098,NA,10.2,1.1,5.65298122815801,NA,NA,7600,0.00251713527082313,NA
2552033,"Jameis Winston","TB","QB",25,4,7,18.8829398541884,17.675602108768,19.7419796588785,0.931987347945363,10,0.619474314364972,5,2.06637755011047,NA,11.8,1.3,5.02614256486268,NA,NA,7600,0.00248459734923532,NA
2557991,"Dalvin Cook","MIN","RB",24,2,12,18.8707078422957,16.313,20.0085557201245,1.42853940131849,2,1.00522872904549,2,3.69555572012446,NA,3.6,0.9,4.65089037062475,NA,NA,8200,0.00230130583442631,NA
2506363,"Aaron Rodgers","GB","QB",36,14,11,18.3615129935998,14.1609861265261,19.90862823219,2.13852736710103,11,0.295418021252935,5,5.74764210566389,NA,9.2,1,6.56099457085061,NA,NA,7600,0.00241598855178945,NA
2555259,"Carson Wentz","PHI","QB",27,3,10,18.1654180860471,15.84,19.5571643271768,1.51182711453266,12,0.761725961748585,5,3.71716432717678,NA,13,2.1,7.33829892123747,NA,NA,7500,0.00242205574480628,NA
2555224,"Ezekiel Elliott","DAL","RB",24,3,8,17.989606184812,16.23,19.3387892707479,1.44897466942819,3,0.329531709871627,2,3.10878927074788,NA,1.3,0.6,4.5260131758347,NA,NA,8500,0.0021164242570367,NA
2506121,"Philip Rivers","LAC","QB",38,15,12,17.9667718586467,16.82,18.9093505699208,1.03302456748821,13,1.20996255174905,5,2.08935056992084,NA,14.6,1.3,5.19656798114039,NA,NA,7700,0.00233334699462944,NA
2558019,"Alvin Kamara","NO","RB",23,2,9,17.7413520416884,16.255,19.3146172449729,1.6255885177147,4,0.247361441138466,2,3.05961724497286,NA,4.2,1.7,5.51463993680743,NA,NA,7900,0.00224574076477069,NA
2553435,"David Johnson","ARI","RB",28,4,12,17.5787969081923,14.9319783573807,19.9188404743428,2.44566628300271,5,0.223178686541448,2,4.98686211696208,NA,8.9,3.2,8.08493674257948,NA,NA,6900,0.00254765172582497,NA
2540175,"LeVeon Bell","NYJ","RB",27,6,4,17.4091842929077,15.82,18.2197492162036,0.902621857289537,6,0.255293937779431,3,2.39974921620363,NA,10.4,2.5,4.43720143536982,NA,NA,6800,0.00256017416072172,NA
2557973,"Leonard Fournette","JAC","RB",23,2,10,17.302052150394,14.58,18.804904021646,1.89127920887749,7,0.723589003753851,3,4.22490402164597,NA,7.4,1.8,6.13123243770054,NA,NA,7300,0.00237014413019096,NA
2561021,"Nick Chubb","CLE","RB",24,1,7,17.0057285598625,16.28,17.8784803259881,0.758097582526189,8,0.976118087446103,3,1.59848032598806,NA,5.5,1,3.29228928917011,NA,NA,7800,0.00218022161023878,NA
2540165,"DeAndre Hopkins","HOU","WR",27,6,10,16.8639354262259,13.7878525932666,19.1156712516021,2.36523562569879,1,0.301470886970026,1,5.32781865833546,NA,2.1,0.5,2.25568168002056,NA,NA,8400,0.00200761136026499,NA
2562796,"Gardner Minshew","JAC","QB",49,0,10,16.8406123899503,14.3189724334601,18.6996078364116,2.18944833695365,14,0.203943673412979,6,4.38063540295154,NA,13.4,1.3,7.1471759174663,NA,NA,NA,NA,NA
2495143,"Andy Dalton","CIN","QB",32,8,9,16.673006223845,14.4534433962264,17.7906876635514,1.31203372665428,15,0.128361184014864,6,3.33724426732499,NA,19.9,1.3,5.66718912759825,NA,NA,7000,0.00238185803197786,NA
2557898,"Cooper Kupp","LAR","WR",26,2,9,16.6633789755268,14.695508644222,18.2650752989446,1.72767880162387,2,0.209599657459286,1,3.56956665472259,NA,4.1,0.8,2.43477694282739,NA,NA,7800,0.00213633063788805,NA
2532820,"Kirk Cousins","MIN","QB",31,7,12,16.6003312092296,14.78,17.9958735620053,1.64410629131649,16,0.383126125757002,6,3.21587356200527,NA,13.1,1.9,7.22789534686586,NA,NA,7000,0.0023714758870328,NA
2561177,"Kyle Allen","CAR","QB",49,1,7,16.4889588704307,13.4534497816594,17.6668601583113,1.77646002121189,17,0.788430293393823,6,4.21341037665196,NA,18.2,1.8,7.28438084363603,NA,NA,6500,0.00253676290314318,NA
2556370,"Michael Thomas","NO","WR",25,3,9,16.461550102985,13.8718496134926,18.3681790297739,2.03666304592028,3,0.033933168093828,1,4.49632941628123,NA,5.3,1.6,2.91236431031228,NA,NA,8200,0.00200750611012012,NA
2540154,"Keenan Allen","LAC","WR",27,6,12,16.44600853315,12.82,19.9264217078284,3.44312663871926,4,0.0400351679175017,1,7.10642170782844,NA,4.2,1.6,2.91236431031228,NA,NA,7300,0.00225287788125343,NA
2552487,"Amari Cooper","DAL","WR",25,4,8,16.4092253366322,12.8548525932666,19.2662872898504,2.76102134729964,5,0.531736645377052,1,6.41143469658384,NA,6,1.5,2.85266588937667,NA,NA,8100,0.00202583028847312,NA
2495454,"Julio Jones","ATL","WR",30,8,9,16.4027213938328,13.8678060435699,18.8528270738734,2.20706421815743,6,1.26408447977884,1,4.98502103030348,NA,1.1,0.4,2.19598325908495,NA,NA,8500,0.00192973192868622,NA
2558116,"Aaron Jones","GB","RB",25,2,11,16.1511977334177,14.739918767507,16.8086997553639,0.840841688296144,9,0.29663243839326,4,2.06878098785689,NA,7.3,1.7,3.85886269934173,NA,NA,7200,0.00224322190741913,NA
2543801,"Jimmy Garoppolo","SF","QB",28,5,4,15.9454512965145,13.08802,17.9343154468085,2.17391838417543,18,0.706774615973146,6,4.84629544680851,NA,16.1,1.4,7.28774395142882,NA,NA,7200,0.00221464601340479,NA
2557978,"James Conner","PIT","RB",24,2,7,15.9080232114151,12.65,17.6152515346339,1.92578695178336,10,0.290856653398061,4,4.96525153463387,NA,13.9,2.2,6.42803488713942,NA,NA,6600,0.0024103065471841,NA
2560765,"Kerryon Johnson","DET","RB",22,1,5,15.8011073786339,12.74,17.7833366078009,2.31534885428221,11,0.571970968471025,4,5.04333660780088,NA,14.9,1.9,7.08199674725415,NA,NA,6900,0.00229001556212085,NA
79860,"Matthew Stafford","DET","QB",31,10,5,15.4556058575592,13.43096,17.4570534179488,1.79941376217818,19,0.697572103107513,6,4.0260934179488,NA,18.2,1.2,6.32251835938049,NA,NA,7300,0.00211720628185743,NA
2552469,"Melvin Gordon","LAC","RB",26,4,12,15.4332257374001,13.723,17.3756769074842,1.87784686518437,12,0.505074332504302,4,3.65267690748424,NA,17.7,1.8,6.10289085274712,NA,NA,6600,0.00233836753596972,NA
2558105,"Chris Godwin","TB","WR",23,2,7,15.3522559886775,12.0364258608573,17.5914194379197,2.49610483053389,7,0.498893453239075,1,5.55499357706237,NA,6.6,1.6,2.91236431031228,NA,NA,8000,0.00191903199858469,NA
2540258,"Travis Kelce","KC","TE",30,6,12,15.0918492666636,12.7330491195551,17.1799570300763,1.93950943057858,1,2.76024186665541,1,4.44690791052119,NA,1,0.2,1.7991614965967,NA,NA,7500,0.00201224656888847,NA
2558865,"Chris Carson","SEA","RB",25,2,11,15.0250470829256,13.8384901960784,16.1905466564074,1.3279678229522,13,0.448654258180182,5,2.35205646032894,NA,7.9,1.5,4.77467849575619,NA,NA,7200,0.00208681209485078,NA
2532888,"Case Keenum","WAS","QB",31,7,10,15.0217475035235,12.2675,17.1140576086957,2.27336362124332,20,0.56423500078858,6,4.84655760869565,NA,23.5,2.8,9.79017052967996,NA,NA,6500,0.00231103807746515,NA
238498,"Julian Edelman","NE","WR",33,10,10,14.9250178394304,12.151508644222,18.3728645713021,3.11834382709894,8,0.315391361768505,1,6.22135592708003,NA,12.6,2.5,3.44965009873277,NA,NA,6600,0.00226136633930764,NA
2495466,"Mark Ingram","BAL","RB",30,8,8,14.831255726866,13.8155910364146,15.6359679977532,0.866774002988022,14,0.813137926872361,5,1.82037696133863,NA,10.8,2.4,4.30556602280471,NA,NA,7500,0.00197750076358214,NA
2555466,"Tyler Boyd","CIN","WR",25,3,9,14.7817072314465,12.81,16.5673468806584,2.09759148800048,9,0.404010342032842,1,3.75734688065844,NA,14.3,1.9,3.09145957311911,NA,NA,6400,0.00230964175491351,NA
2560800,"Baker Mayfield","CLE","QB",24,1,7,14.49432000538,10.8594134295228,17.6490629503106,2.6868856891253,21,0.122723368903605,6,6.7896495207878,NA,16.9,0.9,7.31917946223776,NA,NA,7400,0.00195869189261891,NA
2543468,"Mike Evans","TB","WR",26,5,7,14.4375457238774,11.9400982711556,16.7786034093118,2.1092038542542,10,0.214878254724169,2,4.83850513815622,NA,12.3,2,3.15115799405472,NA,NA,7300,0.00197774598957224,NA
2552466,"Marcus Mariota","TEN","QB",26,4,11,14.4207050000899,13.2242372634643,15.1931498695652,0.854524972145336,22,0.321595544178836,7,1.96891260610088,NA,22.5,1.4,5.06224554107385,NA,NA,6500,0.00221857000001382,NA
2543465,"Teddy Bridgewater","NO","QB",27,5,9,14.3224882728629,13.22086,15.4069435538419,1.14763708359169,23,0.645227713619363,7,2.18608355384187,NA,21.4,1.1,5.05636501190906,NA,NA,7300,0.00196198469491272,NA
2556075,"Derrick Henry","TEN","RB",25,3,11,14.3215299226249,12.703,15.5970394371472,1.27332517395941,15,0.765134693441265,5,2.89403943714723,NA,10.8,1.6,4.71538339424386,NA,NA,6700,0.00213754177949625,NA
2541785,"Adam Thielen","MIN","WR",29,5,12,14.3178480549499,11.7524406608075,17.306382652357,2.75707430100512,11,0.198962169802593,2,5.55394199154947,NA,10,2.1,3.21085641499033,NA,NA,7200,0.00198859000763193,NA
2552430,"Tyler Lockett","SEA","WR",27,4,11,14.1274868833565,11.8447870695713,17.0048166703458,2.66535359629181,12,0.340475336811018,2,5.16002960077452,NA,10.1,1.6,2.91236431031228,NA,NA,6300,0.00224245823545342,NA
2506106,"Larry Fitzgerald","ARI","WR",36,15,12,14.1102848869381,12.3947198211624,16.0351759872917,2.22234147186368,13,0.758639064160509,2,3.64045616612924,NA,18.4,2.5,3.44965009873277,NA,NA,5600,0.00251969372981038,NA
2562299,"Daniel Jones","NYG","QB",49,0,11,13.8757306389592,13.31716,14.5280687051672,0.754153427068497,24,0.684527950763936,7,1.21090870516717,NA,25.9,1.6,5.22646959309422,NA,NA,6500,0.0021347277906091,NA
2559947,"Phillip Lindsay","DEN","RB",25,1,10,13.7147056773624,12.02,15.4958766086442,2.11594266037428,16,0.359720483525791,5,3.47587660864415,NA,19,1.7,6.54926307547537,NA,NA,6700,0.00204697099662126,NA
382,"Joe Flacco","DEN","QB",34,11,10,13.4787904795278,11.8821,14.5516414893617,1.18091420981564,25,1.06698303109653,7,2.6695414893617,NA,24.4,1.3,5.44602213250017,NA,NA,6600,0.00204224098174664,NA
2558052,"Kenny Golladay","DET","WR",26,2,5,13.4637382061529,10.94,15.4434230734429,1.89474651991509,14,0.322971946250124,2,4.50342307344289,NA,16.9,3.5,4.04663430808888,NA,NA,7100,0.00189630115579618,NA
2559169,"Austin Ekeler","LAC","RB",NA,NA,12,13.3980847810048,11.4599592430859,15.2721663852243,2.38201947512317,17,0.106055266180437,5,3.81220714213839,NA,19.2,1.6,7.05467387412392,NA,NA,6800,0.00197030658544188,NA
2560809,"Sony Michel","NE","RB",24,1,10,13.3118856066686,10.54,14.8447694338333,1.98640621528207,18,0.0714954714587552,5,4.3047694338333,NA,13.1,1.3,6.05195473536263,NA,NA,6500,0.00204798240102593,NA
2550512,"Damien Williams","KC","RB",27,5,12,13.2721734229801,10.53,15.3645404096277,2.22786004176173,19,0.278114521773366,6,4.83454040962772,NA,22.2,1.9,6.89739965316759,NA,NA,6600,0.00201093536711819,NA
2540169,"Robert Woods","LAR","WR",27,6,9,13.2395534394023,11.531508644222,14.8749032819305,2.1137846809127,15,0.23515931489996,2,3.34339463770848,NA,18,2.7,3.569046940604,NA,NA,7100,0.00186472583653554,NA
2557976,"Joe Mixon","CIN","RB",23,2,9,13.2086068474396,10.96,14.2322675173499,1.36258688878189,20,0.531181961461883,6,3.27226751734995,NA,18.1,2,5.12771403310853,NA,NA,6400,0.00206384481991243,NA
2555346,"Will Fuller","HOU","WR",25,3,10,13.0419790804032,11.9134664679583,14.0782270121868,1.3859948923775,16,0.25483568987643,2,2.16476054422852,NA,18.6,2.6,3.50934851966838,NA,NA,6600,0.00197605743642473,NA
2561018,"D.J. Chark","JAC","WR",23,1,10,12.9668091686015,11.580479880775,14.2481551399701,1.4085434967545,17,0.419646534508217,2,2.66767525919512,NA,20.6,3,3.74814220341083,NA,NA,6500,0.00199489371824639,NA
2561036,"Sam Darnold","NYJ","QB",22,1,4,12.9036148968626,8.72353639010189,15.3123974893617,2.73113726769222,27,1.05503114859227,9,6.58886109925981,NA,24.4,1.5,8.39440110868469,NA,NA,6700,0.00192591267117353,NA
2555230,"Kenyan Drake","MIA","RB",NA,3,5,12.7795109549738,10.42,14.0335108956228,1.62909454290183,21,0.428810793804825,6,3.61351089562282,NA,29.4,3.7,6.64200151794204,NA,NA,5600,0.0022820555276739,NA
2562489,"Terry McLaurin","WAS","WR",49,0,10,12.6074776124521,11.1215849246231,13.9061822746964,1.53442208567606,18,0.298901123825008,2,2.78459735007333,NA,27,3.9,4.28542799183132,NA,NA,6400,0.00196991837694563,NA
100021,"Patriots","NE","DST",NA,NA,10,12.6018777142857,8.58,13.3452905198777,2.21370499099088,1,3.81742277890642,1,4.76529051987768,NA,NA,NA,9.50073872481225,NA,NA,5000,0.00252037554285714,NA
2558918,"Matt Breida","SF","RB",24,2,4,12.5753388169815,9.93626,15.498012719706,3.38603479513137,22,0.466972022416815,6,5.56175271970596,NA,24.8,2.4,9.62108246517306,NA,NA,5900,0.00213141335881043,NA
2560813,"D.J. Moore","CAR","WR",22,1,7,12.4868476557345,11.0694664679583,14.3368110201232,2.58557108705998,19,0.445148501732325,2,3.2673445521649,NA,27.6,3,3.74814220341083,NA,NA,5700,0.00219067502732185,NA
2540158,"Zach Ertz","PHI","TE",29,6,10,12.4320693712142,10.3615245597776,14.2878625475968,2.02253481496072,2,0.290582054603604,2,3.92633798781926,NA,5.3,1.2,2.90233114540339,NA,NA,6600,0.0018836468744264,NA
2558266,"George Kittle","SF","TE",26,2,4,12.2311454288021,8.76217052826691,14.8809674340934,2.72509749304596,3,0.345953681432277,2,6.11879690582644,NA,2.2,0.5,2.1301123912387,NA,NA,6500,0.00188171468135416,NA
2543496,"Odell Beckham","CLE","WR",27,5,7,12.1303053215195,10.3419037245257,13.3793714285714,1.3044686231419,20,0.213866085998081,3,3.03746770404578,NA,8.2,2.2,3.27055483592594,NA,NA,7600,0.0015960928054631,NA
2552382,"Malcolm Brown","LAR","RB",26,4,9,12.1260615053565,10.085,13.8593433405307,1.90948535621595,23,0.356591415944234,6,3.7743433405307,NA,36.5,10.1,10.8174972810321,NA,NA,4800,0.00252626281361593,NA
2543583,"Devonta Freeman","ATL","RB",27,5,9,12.090672083773,9.13778,13.454781,1.95084935697487,24,0.704017357376065,6,4.317001,NA,20.6,2,6.36891892617069,NA,NA,6600,0.00183192001269287,NA
2555415,"Austin Hooper","ATL","TE",NA,3,9,12.0518292044192,9.62091473586654,14.2376521907029,2.18139536923822,4,0.761639084456373,2,4.61673745483639,NA,3.4,1.2,2.90233114540339,NA,NA,6400,0.00188309831319051,NA
2533039,"Alshon Jeffery","PHI","WR",29,7,10,11.9530929864849,10.042520119225,14.4779315446351,3.15648236090408,21,0.157421469674793,3,4.43541142541011,NA,26.9,2.4,3.38995167779716,NA,NA,6400,0.00186767077913827,NA
2560860,"Mason Rudolph","PIT","QB",24,1,7,11.92,11.92,11.92,NA,28,5.05256308742097,9,0,NA,NA,NA,NA,NA,NA,NA,NA,NA
2560735,"Michael Gallup","DAL","WR",23,1,8,11.879785484558,9.80646646795827,13.4437260843285,1.74198867137204,22,0.329035235162104,3,3.63725961637023,NA,27.8,3.9,4.28542799183132,NA,NA,6100,0.00194750581714066,NA
2560858,"Josh Rosen","MIA","QB",22,1,5,11.7771674965407,9.198865356623,13.4702899565217,1.90532522751628,29,10.0999686724605,9,4.27142459989874,NA,25.6,1.4,6.83469208855993,NA,NA,6400,0.00184018242133448,NA
2560957,"Mark Andrews","BAL","TE",23,1,8,11.7185542903203,7.15487859128823,14.1848735647909,2.81020963808455,5,2.16103709105391,2,7.02999497350264,NA,4.5,0.6,2.24042935611937,NA,NA,6300,0.00186008798259053,NA
2560888,"Courtland Sutton","DEN","WR",24,1,10,11.7115575490622,9.31222010050251,13.3891920290105,1.96955022759224,23,0.354435211384283,3,4.07697192850797,NA,25.2,2.7,3.569046940604,NA,NA,5900,0.00198500975407834,NA
2543773,"James White","NE","RB",27,5,10,11.4482680950515,10.2974664679583,12.0940287468412,0.828757839677629,25,0.745025406599554,7,1.79656227888291,NA,28.3,2.1,4.05735918077749,NA,NA,6000,0.00190804468250858,NA
2537931,"Josh Gordon","NE","WR",28,7,10,11.3899429497297,8.33660197383313,13.8383143861049,2.95533564885712,24,0.199034961142226,3,5.50171241227173,NA,14.7,2.6,3.50934851966838,NA,NA,5900,0.00193049880503893,NA
2543743,"Carlos Hyde","HOU","RB",28,5,10,11.3250413577423,9.19,12.9377235434089,1.9724054506492,26,1.36583447181427,7,3.74772354340888,NA,26.3,2.2,6.52639762831044,NA,NA,6000,0.00188750689295705,NA
2558149,"JuJu Smith-Schuster","PIT","WR",23,2,7,11.3243017256261,8.92611384399157,13.1970397235457,2.13779364178956,25,0.394336329812571,3,4.27092587955411,NA,24,2.9,3.68844378247522,NA,NA,7200,0.00157281968411474,NA
2558066,"Curtis Samuel","CAR","WR",23,2,7,11.0575142515487,8.79976005961252,13.7978339634205,3.31415543826787,26,0.263356985087015,3,4.99807390380795,NA,31.2,3,3.74814220341083,NA,NA,5300,0.00208632344368844,NA
2561046,"Will Dissly","SEA","TE",NA,1,11,10.8618259496054,8.648,13.0130101511004,2.01503049605674,6,3.03847400925276,2,4.36501015110045,NA,5.4,1.4,3.12296507516473,NA,NA,6000,0.00181030432493423,NA
2560907,"Marquez Valdes-Scantling","GB","WR",25,1,11,10.8024165400784,9.048,13.0772484886172,2.41313667991726,27,0.129415218205834,3,4.02924848861723,NA,37.1,3.3,3.92723746621766,NA,NA,6000,0.00180040275667973,NA
2556214,"Tyreek Hill","KC","WR",25,3,12,10.785897992845,4.32289517462051,13.092250429244,3.4241440334879,28,0.456499648640477,3,8.76935525462347,NA,13.9,7.3,6.31517430364209,NA,NA,7400,0.0014575537828169,NA
2560854,"Calvin Ridley","ATL","WR",25,1,9,10.5601046509001,8.40024456859559,12.044052751871,1.66462431614707,29,0.468583937039346,4,3.64380818327545,NA,23.4,3.1,3.80784062434644,NA,NA,5500,0.00192001902743638,NA
2536340,"Justin Tucker","BAL","K",30,7,8,10.3462602414584,9.32,11.1905523255814,0.80056370464984,1,1.03289909175426,1,1.87055232558139,NA,1.6,0.6,2.28680974325218,NA,NA,NA,NA,NA
2543498,"Brandin Cooks","LAR","WR",26,5,9,10.098692037509,6.28193675333802,11.6534189440994,2.20975008435219,30,0.105269208730244,4,5.37148219076136,NA,20.7,4.7,4.76301535931621,NA,NA,6500,0.00155364492884754,NA
2556462,"Robby Anderson","NYJ","WR",26,3,4,10.0843493902125,8.49917788944724,12.3219632883689,2.98539412451136,31,0.250876088426653,4,3.82278539892167,NA,38.7,3.1,3.80784062434644,NA,NA,5300,0.00190270743211557,NA
2555418,"Jordan Howard","PHI","RB",25,3,10,10.0814440191616,8.26096,12.1834476930327,2.15694047049644,27,0.389072906950037,7,3.92248769303269,NA,24,3.4,7.58773587394357,NA,NA,6200,0.00162603935792929,NA
2558846,"Mike Williams","LAC","WR",25,2,12,9.90249626734495,7.13,12.3178975815754,2.90356260800596,32,0.197634411475585,4,5.18789758157542,NA,33.2,3,3.74814220341083,NA,NA,6200,0.0015971768173137,NA
2540011,"Chris Thompson","WAS","RB",29,6,10,9.83696975269445,7.53372197962154,11.2922137970922,1.74772106249437,28,0.602349241204935,8,3.75849181747061,NA,35.7,1.8,5.82833180513595,NA,NA,5400,0.00182166106531379,NA
2543488,"Jarvis Landry","CLE","WR",27,5,7,9.76445033622683,8.30995827273476,11.591678568953,1.67744859661523,33,0.211441579720297,4,3.28172029621821,NA,32.7,3.6,4.10633272902449,NA,NA,6700,0.00145738064719803,NA
497322,"Emmanuel Sanders","DEN","WR",32,9,10,9.64527337551191,8.83248944723618,10.4837891238862,0.840954791562417,34,0.208949542723744,4,1.65129967665005,NA,36.2,2.9,3.68844378247522,NA,NA,5500,0.00175368606827489,NA
2507164,"Adrian Peterson","WAS","RB",34,12,10,9.54777247172868,7.24416,10.9012777766649,1.68525820509444,29,0.745541639261774,8,3.65711777666493,NA,26.2,2.8,6.25652026641525,NA,NA,5300,0.00180146650409975,NA
2534797,"Greg Zuerlein","LAR","K",32,7,9,9.47791874474828,8.46,10.4036483180428,1.07728820275879,2,0.3605528225977,1,1.94364831804281,NA,3.3,0.8,3.21909542225,NA,NA,NA,NA,NA
2552608,"Stefon Diggs","MIN","WR",26,4,12,9.46074413750114,7.19547135678392,11.2306812106404,1.88490077952439,35,0.0677010281419967,4,4.03520985385644,NA,26,3.2,3.86753904528205,NA,NA,5800,0.00163116278232778,NA
497326,"Golden Tate","NYG","WR",31,9,11,9.41190352807519,8.15,10.1502859403241,0.842730576249415,36,0.0602271760679738,4,2.00028594032406,NA,45.2,3.5,4.04663430808888,NA,NA,5000,0.00188238070561504,NA
2532884,"Marvin Jones","DET","WR",29,7,5,9.3741826906431,7.29438492462312,10.6421500780498,1.46193102225409,37,0.136323039368296,4,3.34776515342671,NA,34,3.7,4.1660311499601,NA,NA,5600,0.0016739611947577,NA
2533040,"Mohamed Sanu","ATL","WR",30,7,9,9.32917001337134,6.20873909038486,10.5745371664994,1.97083650753048,38,0.209637443389568,4,4.36579807611459,NA,39.4,2.9,3.68844378247522,NA,NA,6000,0.00155486166889522,NA
2504797,"Matt Bryant","ATL","K",44,17,9,9.14880355465992,6.5,10.0124136893253,1.37077815202829,3,0.261606070519756,2,3.51241368932526,NA,9.8,3.1,7.74513619186919,NA,NA,NA,NA,NA
2555478,"Demarcus Robinson","KC","WR",NA,3,12,9.14654928917827,7.21752011922504,11.3004462459006,2.53051906149514,39,0.425431176431127,4,4.08292612667559,NA,41,5.9,5.47939641054354,NA,NA,6700,0.00136515661032512,NA
100032,"Redskins","WAS","DST",NA,NA,10,9.14185101361573,7.38,9.81404041860465,1.3711821104688,2,0.720751013615734,2,2.43404041860465,NA,NA,NA,6.22620977079132,NA,NA,4200,0.00217663119371803,NA
2557895,"Dede Westbrook","JAC","WR",26,2,10,9.09251585078527,7.96,9.84033126269722,0.81258470793711,40,0.755741770424564,5,1.88033126269722,NA,39.5,2.9,3.68844378247522,NA,NA,5400,0.0016837992316269,NA
2558245,"Harrison Butker","KC","K",24,2,12,9.08592828964123,8,9.71348665390532,0.73265895949552,4,0.477625241631223,2,1.71348665390532,NA,1.7,0.9,2.64944238436159,NA,NA,NA,NA,NA
2562722,"Miles Sanders","PHI","RB",49,0,10,8.92146855125036,7.56269359534207,10.1914595652174,1.32174041940027,30,0.333882717974785,8,2.62876596987532,NA,33.6,1.4,4.70554077834068,NA,NA,5700,0.00156516992127199,NA
2562271,"Matt Gay","TB","K",NA,0,7,8.6884666786391,7.93,9.09870536275987,0.5100805107925,5,0.222741371180504,2,1.16870536275987,NA,14.6,1.4,3.01920884176203,NA,NA,NA,NA,NA
2560733,"Royce Freeman","DEN","RB",23,1,10,8.68299311368345,6.85252,10.2998909565217,1.59961327265514,31,0.30247770972364,8,3.44737095652174,NA,26.4,2.1,5.68382625455544,NA,NA,5200,0.00166980636801605,NA
2506386,"Mike Nugent","NE","K",37,14,10,8.52813941738093,6.75,9.71284537024715,1.26143346850394,7,0.140885184052449,2,2.96284537024715,NA,4.5,1.4,4.63051733981789,NA,NA,NA,NA,NA
2560770,"Ronald Jones","TB","RB",22,1,7,8.49217855286769,7.22488,9.27690177459816,0.928711895733078,32,0.369357679100005,8,2.05202177459816,NA,31.9,1.3,3.8202717098911,NA,NA,5600,0.00151646045586923,NA
100022,"Saints","NO","DST",NA,NA,9,8.42705885714286,6.35854,9.6866511627907,1.67666343657815,3,0.0909611428571431,2,3.3281111627907,NA,NA,NA,7.41348606961174,NA,NA,4000,0.00210676471428571,NA
100008,"Cowboys","DAL","DST",NA,NA,8,8.41514114285714,6.1,9.8978386627907,1.70140872002705,4,0.248194857142858,2,3.7978386627907,NA,NA,NA,7.50966048695059,NA,NA,5000,0.00168302822857143,NA
2540243,"Brett Maher","DAL","K",49,2,8,8.40331119753625,6.9,9.02703246855871,0.852815725684622,8,0.139046970648392,2,2.12703246855871,NA,9.4,1.9,4.60131458773393,NA,NA,NA,NA,NA
2556601,"Wil Lutz","NO","K",25,3,9,8.37119726912071,6.55928662830606,9.41905666562957,1.30426496779523,9,0.258310085261392,2,2.85977003732351,NA,11.5,2.7,6.92481947319614,NA,NA,NA,NA,NA
2560890,"Auden Tate","CIN","WR",22,1,9,8.34972037470902,7.05570640834575,9.14976940604184,0.95526664124038,41,0.0539713858642621,5,2.09406299769608,NA,45.4,3.3,3.92723746621766,NA,NA,5400,0.001546244513835,NA
2552415,"Jamison Crowder","NYJ","WR",26,4,4,8.32382778601239,5.05608442211055,9.44193063007319,1.84009265191356,42,0.194886360760734,5,4.38584620796264,NA,47.8,3.9,4.28542799183132,NA,NA,5400,0.00154144959000229,NA
2552453,"Tevin Coleman","SF","RB",26,4,4,8.26885225505193,5.16822652757079,10.3833981662671,2.36699664648193,33,0.650415533039464,8,5.2151716386963,NA,29.3,2.5,7.52696026225151,NA,NA,5000,0.00165377045101039,NA
2552409,"DeVante Parker","MIA","WR",26,4,5,8.26767019167714,7.01,10.0245414559226,1.83038179250449,43,0.366742748760021,5,3.01454145592261,NA,56,6.1,5.59879325241476,NA,NA,5400,0.00153105003549577,NA
100002,"Ravens","BAL","DST",NA,NA,8,8.25705428571429,6.48,8.82446947674419,0.955816158285454,5,0.361618289604496,2,2.34446947674419,NA,NA,NA,4.61185855448247,NA,NA,5000,0.00165141085714286,NA
2495700,"Greg Olsen","CAR","TE",34,12,7,8.25320844892741,6.30152455977757,9.03448799356639,1.10658561239962,7,0.923777252431059,3,2.73296343378882,NA,6.3,1,2.68169721564205,NA,NA,5500,0.00150058335435044,NA
2553112,"Jason Myers","SEA","K",NA,NA,11,8.15733118465501,5.5,9.50309834109022,1.68132297059068,10,0.104147371300032,2,4.00309834109022,NA,15.4,2.1,6.71692192650517,NA,NA,NA,NA,NA
100028,"Chargers","LAC","DST",NA,NA,12,8.07683828571429,5.7,8.87529130434783,1.31346684531645,6,0.376354861033068,2,3.17529130434783,NA,NA,NA,6.00189502373867,NA,NA,5000,0.00161536765714286,NA
2506677,"Matt Prater","DET","K",35,13,5,8.06844318306362,6.1,8.91154027727498,1.06782863123063,11,0.0706264036360107,2,2.81154027727498,NA,14.2,2.4,5.90951438800014,NA,NA,NA,NA,NA
2506264,"Robbie Gould","SF","K",37,14,4,8.03792444364634,5.89,9.20935779816514,1.49475362893324,12,0.0888907149213365,2,3.31935779816514,NA,7.4,2,6.14739691863853,NA,NA,NA,NA,NA
2556460,"Geronimo Allison","GB","WR",25,3,11,7.99021265882617,6.05657185929648,9.08603695652174,1.51541494217742,44,0.272343286510996,5,3.02946509722526,NA,46.1,4,4.34512641276694,NA,NA,5500,0.00145276593796839,NA
2552461,"Duke Johnson","HOU","RB",26,4,10,7.97678949248345,7.30771982116244,8.49762046970852,0.573760402068952,34,1.00486062865046,9,1.18990064854608,NA,35.6,1.7,3.29533431323062,NA,NA,5300,0.00150505462122329,NA
2556521,"Kaimi Fairbairn","HOU","K",25,3,10,7.95770911520887,6.48605077431553,9.12234122222089,1.21988215635818,13,0.0422761080738434,2,2.63629044790536,NA,5.8,2.1,5.72734239841314,NA,NA,NA,NA,NA
2553833,"Josh Lambo","JAC","K",29,4,10,7.94035834224115,6.3,9.1740920778392,1.31670448379529,14,0.0901924076497069,2,2.8740920778392,NA,14.9,1.7,5.25730565839363,NA,NA,NA,NA,NA
2507232,"Mason Crosby","GB","K",35,12,11,7.8905076720289,6.45128404479521,9.07744718708154,1.22499043189852,15,0.113921188869851,2,2.62616314228633,NA,7.5,1.3,4.3829446030235,NA,NA,NA,NA,NA
2562685,"DK Metcalf","SEA","WR",49,0,11,7.81164222700806,7.23,8.36795217391304,0.58564406447953,45,0.227087124454387,6,1.13795217391304,NA,37.4,2.9,3.68844378247522,NA,NA,5800,0.00134683486672553,NA
2495259,"Dan Bailey","MIN","K",31,8,12,7.80982419715398,6.4,9.04770102832811,1.42380275356485,16,0.092414657582772,2,2.64770102832811,NA,18,1.9,5.82582064824831,NA,NA,NA,NA,NA
2558178,"Zane Gonzalez","ARI","K",NA,2,12,7.74334876916412,6.38239852562902,8.77836178907851,1.00365713665939,17,0.134418594765132,3,2.3959632634495,NA,9.1,1.5,4.24712407879409,NA,NA,NA,NA,NA
100016,"Chiefs","KC","DST",NA,NA,12,7.71403370650529,7.1,8.342399,0.733216427802963,7,0.105875135076722,2,1.242399,NA,NA,NA,3.74670785119178,NA,NA,3400,0.00226883344308979,NA
2560965,"Mike Badgley","LAC","K",49,1,12,7.6914703099783,5.75,8.57065057331344,2.42169217371914,18,0.177641593170402,3,2.82065057331344,NA,NA,NA,10.1885647555984,NA,NA,NA,NA,NA
100004,"Panthers","CAR","DST",NA,NA,7,7.68693314285714,6.44,8.68578052325581,1.1020333708545,8,0.180278,2,2.24578052325582,NA,NA,NA,5.18014281975592,NA,NA,3700,0.0020775494980695,NA
2562674,"Diontae Johnson","PIT","WR",NA,0,7,7.62409651762229,6.00449334301912,9.24581279132448,1.56532683093832,46,0.112146235346719,6,3.24131944830536,NA,51.1,2.4,3.38995167779716,NA,NA,5000,0.00152481930352446,NA
2557848,"Corey Davis","TEN","WR",24,2,11,7.54501368748504,7.06,7.87796808510638,0.445364126732277,47,0.0931612755133688,6,0.817968085106383,NA,51.1,4.1,4.40482483370255,NA,NA,5100,0.00147941444852648,NA
100012,"Titans","TEN","DST",NA,NA,11,7.529384,5.76548,8.27308720930233,1.17576674029503,9,0.229584285714287,3,2.50760720930232,NA,NA,NA,5.46671314169298,NA,NA,4700,0.00160199659574468,NA
2562729,"Austin Seibert","CLE","K",NA,0,7,7.52639003881968,6.9,8.05379036555236,0.53279389561664,19,0.0454291928774229,3,1.15379036555236,NA,18.3,1.9,3.91501410929758,NA,NA,NA,NA,NA
2558172,"Jake Elliott","PHI","K",24,2,10,7.50126739479611,5.9,8.82050425776741,1.25250487535415,20,0.125221464739295,3,2.92050425776741,NA,17.6,2.5,6.47497956737639,NA,NA,NA,NA,NA
100009,"Broncos","DEN","DST",NA,NA,10,7.48392628571429,4.46,8.12903695652174,1.51788449933911,10,0.497489230170737,3,3.66903695652174,NA,NA,NA,6.79637971048742,NA,NA,4500,0.00166309473015873,NA
2539964,"Marquise Goodwin","SF","WR",29,6,4,7.47888687706611,5.457,9.0115613941266,1.57787412956493,48,0.121817308840018,6,3.5545613941266,NA,52.9,3.5,4.04663430808888,NA,NA,5200,0.00143824747635887,NA
2533444,"Randy Bullock","CIN","K",30,7,9,7.4606542970884,6.53,8.57086401359784,1.07037111968147,21,0.187788865398242,3,2.04086401359784,NA,24.9,1.1,3.71251870865152,NA,NA,NA,NA,NA
2550256,"Willie Snead","BAL","WR",27,5,8,7.42481794687724,5.0199608040201,8.30685744680851,1.36409605525958,49,0.213210613740913,6,3.28689664278841,NA,64.8,4.9,4.88241220118743,NA,NA,5000,0.00148496358937545,NA
2540215,"Vance McDonald","PIT","TE",29,6,7,7.39349543177789,5.79182947173309,9.20404443906813,2.52854942291614,8,0.502050781065701,3,3.41221496733505,NA,14.3,1.7,3.45391596980674,NA,NA,5300,0.0013949991380713,NA
2541556,"Brandon McManus","DEN","K",28,5,10,7.29143756302522,5.47212192038923,8.66305806110151,1.45123796977759,22,0.231851399258242,3,3.19093614071228,NA,21.5,0.9,4.19046575281786,NA,NA,NA,NA,NA
2562805,"Preston Williams","MIA","WR",49,0,5,7.28932118957493,5.20070251256281,8.63341147223896,1.62301186077439,50,0.214367746627238,6,3.43270895967614,NA,45.7,4.3,4.52422167557377,NA,NA,5600,0.00130166449813838,NA
497236,"Jimmy Graham","GB","TE",33,9,11,7.26536696121481,5.20243929564412,8.38220380758581,1.26838251533497,9,0.852238932537677,3,3.1797645119417,NA,8.4,0.8,2.46106328588071,NA,NA,5800,0.00125264947607152,NA
79607,"LeSean McCoy","KC","RB",31,10,12,7.26008395154148,6.05264,7.6527153172584,0.725823062953224,35,0.886180785076336,10,1.6000753172584,NA,29.6,3.5,4.62414668965989,NA,NA,6400,0.00113438811742836,NA
2550380,"Cody Parkey","TEN","K",27,5,11,7.2542933003551,6.8,7.61016613380269,0.440719073100452,23,0.447080206273842,3,0.810166133802687,NA,25.5,1.4,2.87046027713139,NA,NA,NA,NA,NA
2552600,"Nelson Agholor","PHI","WR",26,4,10,7.13389347669773,6.58,7.51869280844722,0.454549481595377,51,0.156850465935507,7,0.938692808447222,NA,56.4,4.5,4.64361851744499,NA,NA,5100,0.00139880264248975,NA
100017,"Rams","LAR","DST",NA,NA,9,7.11567314285714,5.98632,8.52560465116279,1.29708858355253,11,0.261295801599308,3,2.53928465116279,NA,NA,NA,5.93823966956093,NA,NA,4300,0.0016548077076412,NA
2543491,"Paul Richardson","WAS","WR",27,5,10,7.01601340919766,2.93297989949749,8.57357232821082,2.49749048308306,52,0.141665399011518,7,5.64059242871333,NA,57.9,3.5,4.04663430808888,NA,NA,4700,0.00149276881046759,NA
2562721,"Deebo Samuel","SF","WR",49,0,4,6.93807261232677,5.36676984924623,8.08142826086956,1.41427491675685,53,0.27557734867531,7,2.71465841162333,NA,53.6,3.7,4.1660311499601,NA,NA,5400,0.001284828261542,NA
2557430,"Sam Ficken","NYJ","K",27,4,4,6.86487902717886,4.3,8.66400328701976,1.92818965554025,24,0.144140069987904,3,4.36400328701976,NA,27,1,5.38272809596737,NA,NA,NA,NA,NA
100027,"Steelers","PIT","DST",NA,NA,7,6.85720096822995,6.18244,7.41005465116279,0.645878201167077,12,0.0826915543548736,3,1.22761465116279,NA,NA,NA,3.40726122187907,NA,NA,3400,0.00201682381418528,NA
100030,"Seahawks","SEA","DST",NA,NA,11,6.85155371428571,6.03,7.81418168604651,1.31041605633545,13,0.1589054843311,3,1.78418168604651,NA,NA,NA,5.99003790141968,NA,NA,4100,0.00167111066202091,NA
2562580,"Mecole Hardman","KC","WR",49,0,12,6.81062340804552,6.2055175879397,7.37219574468085,0.547232338986301,54,0.330365691301465,7,1.16667815674115,NA,44.8,4.7,4.76301535931621,NA,NA,6400,0.00106415990750711,NA
2550545,"Chris Boswell","PIT","K",30,5,7,6.74954716098366,5.4,7.96719565217391,1.31567819851932,25,0.194217129854408,3,2.56719565217391,NA,NA,NA,5.44477636981434,NA,NA,NA,NA,NA
100024,"Jets","NYJ","DST",NA,NA,4,6.69746511346445,6.1,6.78785410334346,0.388360985751623,14,0.0301160514372167,3,0.687854103343464,NA,NA,NA,2.40640107014738,NA,NA,3100,0.0021604726172466,NA
2539227,"Dustin Hopkins","WAS","K",29,6,10,6.69193075339825,4.49808499084544,8.81228260869565,2.0068136715328,26,0.50038990472579,3,4.31419761785021,NA,21.3,2.3,7.75378880963151,NA,NA,NA,NA,NA
100001,"Falcons","ATL","DST",NA,NA,9,6.68783134644478,5.16,7.30222961490683,1.02335190474507,15,0.065911285930409,3,2.14222961490683,NA,NA,NA,4.87434134554492,NA,NA,3800,0.00175995561748547,NA
2556466,"Peyton Barber","TB","RB",25,3,7,6.6837737761245,4.25906,7.85360670348837,1.53215455185257,36,0.867173586385973,10,3.59454670348837,NA,36,1.7,5.3174988613917,NA,NA,5600,0.0011935310314508,NA
100031,"Buccaneers","TB","DST",NA,NA,7,6.64686677760968,5.9,6.71370813953488,0.421282760108181,16,0.105703248757293,3,0.813708139534883,NA,NA,NA,2.53435403835815,NA,NA,3500,0.00189910479360277,NA
100029,"49ers","SF","DST",NA,NA,4,6.59697334341906,5.82,6.73622347674419,0.508154910260975,17,0.126785629133348,3,0.916223476744186,NA,NA,NA,2.8719892261374,NA,NA,3500,0.00188484952669116,NA
2495966,"Delanie Walker","TEN","TE",35,13,11,6.51752234020958,5.32701297497683,7.26803675836487,0.813711719886361,10,0.350665219741964,4,1.94102378338804,NA,10.2,1.1,2.79201418052272,NA,NA,5200,0.00125336968080953,NA
2550272,"Albert Wilson","MIA","WR",27,5,5,6.51436711925741,5.99,6.98558581728518,0.528614803840191,55,0.105187889721197,8,0.995585817285184,NA,66.8,3.6,4.10633272902449,NA,NA,4900,0.00132946267739947,NA
100011,"Packers","GB","DST",NA,NA,11,6.48535371428571,4.88,7.85219186046512,1.50962562338148,18,0.147962571428571,3,2.97219186046512,NA,NA,NA,6.76428096388225,NA,NA,4200,0.00154413183673469,NA
100007,"Browns","CLE","DST",NA,NA,7,6.45502171428571,5.54,6.79576595744681,0.51782967942011,19,0.285729824940566,3,1.25576595744681,NA,NA,NA,2.90959094885313,NA,NA,3500,0.00184429191836735,NA
2507166,"Ted Ginn","NO","WR",34,12,9,6.4461483142307,4.10624649177332,7.8432122054194,1.58063447180103,56,0.187080950922334,8,3.73696571364608,NA,63.8,4.3,4.52422167557377,NA,NA,5300,0.00121625439891145,NA
2556771,"Aldrick Rosas","NYG","K",25,3,11,6.41872930886026,4,7.7978035519675,1.63397129230504,27,3.43655311461793,4,3.7978035519675,NA,26.3,1.7,5.9376978754682,NA,NA,NA,NA,NA
2561029,"Keke Coutee","HOU","WR",22,1,10,6.37221014484172,4.95,8.45113027237848,1.95433185710082,57,0.290276203502489,8,3.50113027237848,NA,60,8,6.73306325019137,NA,NA,4900,0.0013004510499677,NA
2557889,"Gerald Everett","LAR","TE",25,2,9,6.30873371714468,5.10755241136731,7.62878826567875,1.16286047960002,11,0.486076552203587,4,2.52123585431144,NA,9.5,1.2,2.90233114540339,NA,NA,6000,0.00105145561952411,NA
100025,"Eagles","PHI","DST",NA,NA,10,6.21976057142857,5.86854,6.60127659574468,0.478272360613463,20,0.112447824940568,3,0.732736595744681,NA,NA,NA,2.75584843482724,NA,NA,4500,0.00138216901587302,NA
2562238,"A.J. Brown","TEN","WR",NA,0,11,6.14592458177501,5.11036491099312,7.05107551156948,0.974955791072056,58,0.135543682542253,8,1.94071060057636,NA,52.4,4.6,4.7033169383806,NA,NA,5400,0.00113813418181019,NA
100019,"Dolphins","MIA","DST",NA,NA,5,6.11882320726172,5.44,6.81377101162791,0.814990183292577,21,0.0474132072617239,3,1.37377101162791,NA,NA,NA,4.06452774216476,NA,NA,3700,0.00165373600196263,NA
100010,"Lions","DET","DST",NA,NA,5,6.09580228571429,5.47632,6.51183486238532,0.494204888938604,22,0.053507861249189,4,1.03551486238532,NA,NA,NA,2.81777141225321,NA,NA,3100,0.00196638783410138,NA
2559924,"Ito Smith","ATL","RB",24,1,9,6.06403255680578,4.41808,7.21149912790698,1.21805013848982,37,0.620756725869811,11,2.79341912790698,NA,39.3,1.9,4.76675039238125,NA,NA,5000,0.00121280651136116,NA
100020,"Vikings","MIN","DST",NA,NA,12,6.04701771428571,5.4,7.41760319767442,0.873684597985811,23,0.0892452898206182,4,2.01760319767442,NA,NA,NA,4.29264802802953,NA,NA,3600,0.00167972714285714,NA
100026,"Cardinals","ARI","DST",NA,NA,12,6.03757113464448,2.98,6.76155508074534,1.86154210501548,24,0.304811420358763,4,3.78155508074534,NA,NA,NA,8.13203100978444,NA,NA,3500,0.00172502032418414,NA
2505629,"Jason Witten","DAL","TE",37,16,8,6.02498052379056,5.25303225806452,6.69659857464366,0.656164488484848,12,0.419058745116211,4,1.44356631657914,NA,15,1.1,2.79201418052272,NA,NA,5000,0.00120499610475811,NA
2552652,"Chris Conley","JAC","WR",27,4,10,6.01794330090345,4.88249062600634,7.04147836468027,0.960505879636316,59,0.0415187436577034,8,2.15898773867393,NA,65.1,3.3,3.92723746621766,NA,NA,4600,0.00130824854367466,NA
2553895,"Adam Humphries","TEN","WR",NA,NA,11,6.00281849756206,4.85609656928458,7.25260117929113,1.14413731850491,60,0.059794051546584,8,2.39650461000655,NA,72.4,2.3,3.33025325686155,NA,NA,5000,0.00120056369951241,NA
2561153,"Jason Sanders","MIA","K",NA,1,5,5.96435238848466,4.1,7.67006382978723,1.59486171831754,28,5.96435238848466,4,3.57006382978723,NA,25,1.4,5.34556845780773,NA,NA,NA,NA,NA
2649,"Danny Amendola","DET","WR",34,11,5,5.95003061692944,3.94813467336683,7.32950552325581,1.51350317837767,61,0.0687481804915455,8,3.38137084988898,NA,73.4,4.7,4.76301535931621,NA,NA,4700,0.00126596396104882,NA
2562736,"Darius Slayton","NYG","WR",NA,0,11,5.93601827510151,4.33,7.8382678912823,2.34159748877167,62,0.15473524096944,8,3.5082678912823,NA,53.7,6.5,5.83758693615721,NA,NA,NA,NA,NA
100015,"Jaguars","JAC","DST",NA,NA,10,5.87797371428571,4.64,7.17864347826087,1.06200822243167,25,0.742860357899287,4,2.53864347826087,NA,NA,NA,5.02458205051211,NA,NA,4100,0.00143365212543554,NA
2560847,"Trey Quinn","WAS","WR",24,1,10,5.82654659777429,4.52983819095477,7.32418936170213,1.36261001601025,63,0.0985235160535973,8,2.79435117074735,NA,67.5,4,4.34512641276694,NA,NA,5100,0.00114246011721065,NA
2562492,"Jakobi Meyers","NE","WR",49,0,10,5.73601947048984,5.18977085427136,6.13944948949838,0.522774434654109,64,0.0344977886495554,9,0.949678635227028,NA,62.3,6.2,5.65849167335037,NA,NA,4700,0.00122042967457231,NA
2562677,"KeeSean Johnson","ARI","WR",49,0,12,5.72002669295155,4.13819396984925,7.31470263817104,1.4843726217238,65,0.0507835945514925,9,3.17650866832179,NA,56.6,4.7,4.76301535931621,NA,NA,4600,0.00124348406368512,NA
2560781,"Christian Kirk","ARI","WR",23,1,12,5.68301667072902,-0.102533532041729,8.83061667190446,4.99885664590833,66,0.145122451387839,9,8.93315020394619,NA,47.4,16.5,11.8074290297183,NA,NA,5600,0.00101482440548732,NA
2560988,"Antonio Callaway","CLE","WR",22,1,7,5.6554695260711,4.4799608040201,6.40022879157815,0.975045580581714,67,0.294262597542504,9,1.92026798755805,NA,71.5,5.3,5.12120588492988,NA,NA,5100,0.00110891559334727,NA
2562378,"T.J. Hockenson","DET","TE",49,0,5,5.62033380609162,4.72915484883469,6.08877820350516,0.57911873953981,13,0.184582222802459,5,1.35962335467047,NA,18,3.9,5.88088919718146,NA,NA,5400,0.00104080255668363,NA
71265,"Jared Cook","NO","TE",32,10,9,5.59150975125708,4.805,6.37461710043353,0.702758848169448,14,0.445581716021752,5,1.56961710043353,NA,11,1.5,3.2332820400454,NA,NA,5600,0.00099848388415305,NA
100013,"Texans","HOU","DST",NA,NA,10,5.58754571428571,4.72974,5.66454255319149,0.479784885814649,26,1.35756214393776,5,0.934802553191489,NA,NA,NA,2.76172697851961,NA,NA,3200,0.00174610803571429,NA
2558204,"Jamaal Williams","GB","RB",NA,2,11,5.56916782267127,3.89746646795827,6.8230896164064,1.30777129781239,38,0.296090758065917,11,2.92562314844813,NA,52,6.7,7.64397132526467,NA,NA,5400,0.00103132737456875,NA
2550597,"Seth Roberts","BAL","WR",NA,NA,8,5.42031891261126,3.61935477386935,7.04576196948043,1.52330922629243,68,0.15162385439453,9,3.42640719561108,NA,88.9,6,5.53909483147915,NA,NA,4500,0.00120451531391361,NA
2560711,"Chase Edmonds","ARI","RB",23,1,12,5.31738383920068,4.1855,6.40874273255814,1.02365862067363,39,0.325168569586728,11,2.22324273255814,NA,41.1,2.4,4.63658485478241,NA,NA,5200,0.0010225738152309,NA
497328,"Demaryius Thomas","NYJ","WR",32,9,4,5.30209494444592,3.26562110552764,7.04273913043478,1.93415061176989,69,0.362720367521217,9,3.77711802490714,NA,63.5,5.2,5.06150746399427,NA,NA,4800,0.00110460311342623,NA
2557856,"O.J. Howard","TB","TE",25,2,7,5.27999341532124,4.14014184181255,6.1606790490276,0.995262392333107,15,0.292686572171205,5,2.02053720721505,NA,11.6,1.1,2.79201418052272,NA,NA,5100,0.00103529282653358,NA
2543590,"Cody Latimer","NYG","WR",27,5,11,5.23529517198754,2.94606451612903,6.78223571428572,1.87148731661522,70,0.599805358077376,9,3.83617119815668,NA,71,5,4.94211062212304,NA,NA,4600,0.00113810764608425,NA
2540156,"Giovani Bernard","CIN","RB",28,6,9,5.22877029001003,3.79746646795827,6.17593792499913,1.17462332267543,40,0.485689322074927,11,2.37847145704086,NA,45.6,1.5,4.45112913750397,NA,NA,5000,0.00104575405800201,NA
2559248,"Ricky Seals-Jones","CLE","TE",24,2,7,5.01186265514942,2.68,6.49007043503995,1.83636274489919,16,0.0902678947276039,5,3.81007043503995,NA,22.8,4.4,6.43247402158481,NA,NA,5500,0.000911247755481712,NA
2555341,"Hunter Henry","LAC","TE",25,3,12,4.96275103115065,2.00182947173309,6.99321003039514,2.17338382677906,17,0.167193958460964,5,4.99138055866205,NA,12.7,0.5,2.1301123912387,NA,NA,5700,0.000870658075640466,NA
2532835,"Rhett Ellison","NYG","TE",31,7,11,4.88043848969297,4.17303225806452,5.86647262503699,1.40656821556811,18,0.268791555252129,5,1.69344036697248,NA,26.9,4.6,6.65310795134615,NA,NA,4000,0.00122010962242324,NA
2541161,"Latavius Murray","NO","RB",29,6,9,4.75566024921786,2.98771982116244,5.62407868259368,1.14720312650291,41,0.0634917269283131,12,2.63635886143124,NA,43.1,3.6,5.56923611370022,NA,NA,5000,0.000951132049843573,NA
2495469,"Dion Lewis","TEN","RB",29,8,11,4.73050168665234,2.405,6.13246956521739,1.58942664180196,42,0.141242272721859,12,3.72746956521739,NA,48.6,1.8,5.49433835810984,NA,NA,4900,0.00096540850748007,NA
2562383,"Noah Fant","DEN","TE",49,0,10,4.71067565568641,4.154,5.06615407914479,0.417766184986354,19,0.281780252602832,6,0.912154079144787,NA,14.7,1.6,3.34359900492607,NA,NA,4500,0.00104681681237476,NA
100006,"Bengals","CIN","DST",NA,NA,9,4.68268099848714,2.12,5.63668488372093,1.70386631594237,27,2.79403792738275,5,3.51668488372093,NA,NA,NA,7.51921211951518,NA,NA,3200,0.00146333781202723,NA
2561324,"Gus Edwards","BAL","RB",24,1,8,4.65383535792676,3.53797317436662,5.62909196785283,1.02637876737013,43,0.164604403260561,12,2.09111879348621,NA,38.1,1.1,3.91434760440008,NA,NA,4800,0.000969549032901409,NA
2560836,"Dante Pettis","SF","WR",24,1,4,4.64345398186186,3.58725335320417,5.70972822115142,1.34563728010723,71,0.113963080790051,9,2.12247486794725,NA,64.8,5,4.94211062212304,NA,NA,4600,0.00100944651779606,NA
2495448,"Randall Cobb","DAL","WR",29,8,8,4.62752564595847,3.18276726853343,6.16793016595168,1.60172928512562,72,0.212611978691722,9,2.98516289741825,NA,62.5,4.5,4.64361851744499,NA,NA,5100,0.000907357969795779,NA
2560835,"Rashaad Penny","SEA","RB",23,1,11,4.5246834699342,2.67884,5.58790544835991,1.30692715644485,44,0.188417591911844,12,2.90906544835991,NA,40.2,1.4,4.67428552162005,NA,NA,5400,0.000837904346284112,NA
2540148,"Tyler Eifert","CIN","TE",29,6,9,4.51261821319527,3.60202150537634,4.90908744740533,0.584762419343084,20,0.231496283021373,6,1.30706594202899,NA,17,1.9,3.67454989956808,NA,NA,4500,0.00100280404737673,NA
2532797,"Brandon Bolden","NE","RB",29,7,10,4.4537784393982,3.29007638190955,5.62941776744186,1.39017942868823,45,0.332753510958984,12,2.33934138553231,NA,52.6,4.8,6.75388259250633,NA,NA,5000,0.00089075568787964,NA
2532978,"Jarius Wright","CAR","WR",30,7,7,4.43145615618515,2.91889766118222,5.40471068586105,1.05964644894723,73,0.0473355052104871,10,2.48581302467884,NA,81.8,4.5,4.64361851744499,NA,NA,4500,0.000984768034707812,NA
2555468,"Rashard Higgins","CLE","WR",25,3,7,4.39837117834835,3.80477989949749,4.84672054379094,0.532829243568887,74,0.152531058352182,10,1.04194064429345,NA,91.8,14.6,10.6731590319417,NA,NA,4500,0.000977415817410743,NA
2560844,"Byron Pringle","KC","WR",49,1,12,4.36987012360099,2.99,5.46110881885936,1.27996058476918,75,0.268877613641865,10,2.47110881885936,NA,67.4,11.7,8.94190482480897,NA,NA,NA,NA,NA
2560747,"Hayden Hurst","BAL","TE",26,1,8,4.34517259297188,3.20202150537634,5.02950680170043,0.843585171133275,21,0.142742844478406,6,1.82748529632408,NA,25,4.2,6.21184009182347,NA,NA,4400,0.000987539225675426,NA
2560915,"Mark Walton","MIA","RB",22,1,5,4.21875331664651,3.483,4.75001552173913,0.596292991067604,46,0.212907072317583,12,1.26701552173913,NA,50,3.7,4.46284100879615,NA,NA,4500,0.000937500737032559,NA
2560951,"Jordan Akins","HOU","TE",27,1,10,4.21707126737593,3.40252688172043,5.24911403768373,1.03235212905946,22,0.150718342762147,6,1.8465871559633,NA,18.6,2.8,4.6674025834941,NA,NA,4600,0.000916754623342593,NA
2557886,"Jeremy Sprinkle","WAS","TE",25,2,10,4.18778822961102,3.88303225806452,4.31844665023335,0.187169553227885,23,0.266732835250962,7,0.435414392168836,NA,26.2,7.1,9.41103207336289,NA,NA,4500,0.000930619606580226,NA
2553499,"Damiere Byrd","ARI","WR",NA,NA,12,4.12181011639134,0.821434170854271,6.11687902735562,2.49124201710564,76,0.188977930079181,10,5.29544485650135,NA,99,13.4,9.95677798071435,NA,NA,4700,0.000876980875827944,NA
2553548,"Jake Kumerow","GB","WR",NA,NA,11,4.08017490352691,3.17656989247312,5.00165623100304,0.999798814508759,77,0.305397318736668,10,1.82508633852992,NA,92.2,9,7.33004745954748,NA,NA,4500,0.000906705534117092,NA
2562682,"Alexander Mattison","MIN","RB",NA,0,12,4.02329654023192,1.79838,5.04515883139535,1.4292620617262,47,0.230964760217584,12,3.24677883139535,NA,47.2,2.8,5.71638098686927,NA,NA,4900,0.000821080926577943,NA
2562574,"Darrell Henderson","LAR","RB",49,0,9,3.98839594842594,2.331,5.16295781395349,1.38906030733483,48,0.395516536217223,12,2.83195781395349,NA,61.2,12.1,10.8393900486311,NA,NA,4500,0.000886310210761321,NA
2553454,"Geoff Swaim","JAC","TE",NA,NA,10,3.94491761961654,2.26303225806452,4.92587826086957,1.09074940465485,24,0.100301757979177,7,2.66284600280505,NA,24.8,4.4,6.43247402158481,NA,NA,4200,0.000939266099908701,NA
2555364,"Tyler Higbee","LAR","TE",26,3,9,3.89719316910356,2.00202150537634,5.10471465053763,1.35366764569504,25,0.145598842809382,7,3.10269314516129,NA,24.1,3.1,4.99835347813611,NA,NA,4500,0.000866042926467459,NA
2553667,"Matt LaCosse","NE","TE",NA,NA,10,3.79203855417117,2.90202150537634,4.57834260629378,0.785460540535979,26,0.131592988638335,7,1.67632110091743,NA,28.1,4.1,6.1015231269428,NA,NA,4000,0.000948009638542793,NA
2562631,"Miles Boykin","BAL","WR",49,0,8,3.7854894690974,0.964451256281407,5.47370217391304,1.84546848334033,78,0.0433063237831974,10,4.50925091763164,NA,78.5,5.7,5.35999956867232,NA,NA,4600,0.000822932493282043,NA
100023,"Giants","NYG","DST",NA,NA,11,3.77728614220877,3.374,4.13574311926606,0.407648559373573,28,3.77728614220877,6,0.761743119266056,NA,NA,NA,2.48136368509589,NA,NA,3000,0.00125909538073626,NA
2562465,"Olabisi Johnson","MIN","WR",49,0,12,3.76406570048309,3.26,4.05588918205805,0.448027413247158,79,0.0937642448457088,10,0.795889182058047,NA,82.9,5.5,5.2406027268011,NA,NA,NA,NA,NA
2532790,"Travis Benjamin","LAC","WR",30,7,12,3.72030059014531,3.19025335320417,4.08883089453383,0.437199574119599,80,0.187560175449663,10,0.898577541329658,NA,83.9,4.4,4.58392009650938,NA,NA,4500,0.000826733464476735,NA
2560995,"Dallas Goedert","PHI","TE",25,1,10,3.71115009841719,3.35202150537634,3.99689617936399,0.37558304832729,27,0.169415914303841,8,0.644874673987646,NA,18.8,2.4,4.22613472397142,NA,NA,4500,0.000824700021870487,NA
2558856,"David Moore","SEA","WR",24,2,11,3.62030232112946,2.575,4.34411693262826,0.815522923149207,81,0.195578143345004,10,1.76911693262826,NA,80,4.6,4.7033169383806,NA,NA,4500,0.000804511626917657,NA
2540928,"Darren Fells","HOU","TE",33,7,10,3.60974103264848,2.771,4.38023846586647,0.887879343218839,28,0.240636598484488,8,1.60923846586647,NA,26.8,3,4.88803651325544,NA,NA,5200,0.000694180967817015,NA
2561461,"Dontrell Hilliard","CLE","RB",49,1,7,3.59626761160273,3.12462,4.15220333517621,0.52907925572458,49,0.115595544675107,13,1.02758333517621,NA,61.2,2.7,3.76104131081393,NA,NA,4800,0.000749222419083902,NA
2562293,"Ty Johnson","DET","RB",NA,0,5,3.58949121281471,2.931,4.31252767513706,0.801189814996568,50,0.261089912285012,13,1.38152767513706,NA,55.1,2.4,4.16718660979787,NA,NA,NA,NA,NA
2552399,"Jeff Heuerman","DEN","TE",27,4,10,3.47372733557822,2.79252688172043,3.97323726708075,0.580491446746097,29,0.260417111880613,8,1.18071038536032,NA,42.9,3.7,5.66025526742013,NA,NA,4600,0.000755158116430048,NA
2541966,"Jaron Brown","SEA","WR",29,6,11,3.44517850826183,2.20132261306533,4.18374011627907,0.955639257204286,82,0.0474332854874229,10,1.98241750321374,NA,81.4,2.7,3.569046940604,NA,NA,4500,0.000765595224058185,NA
2561272,"Trent Sherfield","ARI","WR",49,1,12,3.40426984730707,2.41202150537634,4.48162334869432,1.28193767478915,83,0.0733975471075281,10,2.06960184331797,NA,77.2,5.9,5.47939641054354,NA,NA,4500,0.000756504410512683,NA
2553434,"Devin Smith","DAL","WR",NA,NA,8,3.39122059824175,1.539,4.82223664362036,2.08740089239481,84,0.124624824669745,10,3.28323664362036,NA,94.3,6.6,5.89728535709282,NA,NA,4600,0.000737221869182988,NA
2562699,"Tony Pollard","DAL","RB",NA,0,8,3.37185292104054,1.52462,4.80071151744186,1.44829255750903,51,0.0927826125550801,13,3.27609151744186,NA,48.1,3.2,5.98052720563062,NA,NA,5000,0.000674370584208108,NA
2556762,"Elijhaa Penny","NYG","RB",26,3,11,3.28494968001885,0.73,5.03740631055901,2.14854869216443,52,0.0678228430696151,13,4.30740631055901,NA,51.9,3.9,7.85002064422384,NA,NA,5200,0.000631721092311318,NA
2553728,"Raheem Mostert","SF","RB",NA,NA,4,3.27319093695206,1.974,4.41891036737077,1.3137217066702,53,0.114891922809341,13,2.44491036737077,NA,45.5,3.5,5.86458393096073,NA,NA,5700,0.000574244024026678,NA
2561002,"DaeSean Hamilton","DEN","WR",24,1,10,3.27052400215735,1.89635586576699,4.16664540912624,0.974096177346211,85,0.029447241058437,11,2.27028954335925,NA,84.4,3.7,4.1660311499601,NA,NA,4900,0.000667453877991295,NA
2550656,"Cameron Brate","TB","TE",28,5,7,3.26448153274976,1.67328694133295,4.50542474090486,1.38325845284671,30,0.103110630356773,8,2.83213779957191,NA,25,3.5,5.43962133765879,NA,NA,4900,0.000666220720969339,NA
2558914,"Kendrick Bourne","SF","WR",24,2,4,3.26266754498666,2.26,3.89703183058148,0.787496261060495,86,0.105943738389386,11,1.63703183058148,NA,92.8,3.9,4.28542799183132,NA,NA,4500,0.000725037232219257,NA
2558262,"Mack Hollins","PHI","WR",26,2,10,3.21948597721116,1.20198391959799,3.98720668604651,1.14618787970904,87,0.155241679659504,11,2.78522276644852,NA,79.4,3.9,4.28542799183132,NA,NA,4700,0.000684997016427906,NA
2552402,"Nick Boyle","BAL","TE",26,4,8,3.16213891464545,2.40303225806452,3.4599698612153,0.506971764839168,31,0.0409822461979639,9,1.05693760315079,NA,43.5,5.3,7.42532670551084,NA,NA,4500,0.000702697536587879,NA
2562743,"Benny Snell","PIT","RB",49,0,7,3.16106273694641,2.18684,4.14536951414467,1.03191129984577,54,0.0859922211953417,13,1.95852951414467,NA,55.2,2.9,4.93398861227256,NA,NA,4500,0.000702458385988092,NA
2541316,"Ryan Griffin","NYJ","TE",29,6,4,3.16060289014052,2.287,4.11650504440094,0.932348904338457,32,0.102171364398463,9,1.82950504440094,NA,42.5,5,7.09437581086883,NA,NA,4000,0.000790150722535131,NA
2559362,"Dare Ogunbowale","TB","RB",NA,2,7,3.15553529133903,2.3,3.96340872093023,0.817125329493061,55,0.218927329003459,13,1.66340872093023,NA,53.4,2.1,4.03281515606003,NA,NA,4600,0.000685985932899789,NA
2550353,"Allen Hurns","MIA","WR",28,5,5,3.09396163598339,1.94126676602086,4.21353488258,1.26757381692486,88,0.190953271636402,11,2.27226811655914,NA,116.8,15.7,11.3298416622334,NA,NA,4500,0.00068754703021853,NA
2560994,"Mike Gesicki","MIA","TE",24,1,5,3.08171044675446,2.2135376344086,3.67170070237381,0.658100371136179,33,0.127931151842545,9,1.4581630679652,NA,28,3.3,5.21898740789745,NA,NA,4600,0.000669937053642273,NA
2495438,"Kyle Rudolph","MIN","TE",30,8,12,3.03515260472967,1.50202150537634,4.06476444707507,1.30848011215113,34,0.177286857802615,9,2.56274294169873,NA,22.6,3.1,4.99835347813611,NA,NA,4500,0.000674478356606592,NA
2561427,"Vyncint Smith","NYJ","WR",49,1,4,3.03452695911992,1.494,3.65297674418605,1.23153729190201,89,0.353566885863714,11,2.15897674418605,NA,100.3,5.7,5.35999956867232,NA,NA,4700,0.000645644033855303,NA
2562622,"Ryquell Armstead","JAC","RB",NA,0,10,2.99460574016312,1.58534,3.94125155232558,1.12407833284241,56,0.160936911222653,13,2.35591155232558,NA,62,2.9,5.12845652161556,NA,NA,4500,0.000665467942258471,NA
2556440,"J.D. McKissic","DET","RB",26,3,5,2.87861018450802,1.83434,3.79113488372093,1.06204180181024,57,0.135817761728461,13,1.95679488372093,NA,65.7,3,5.05356069243113,NA,NA,4600,0.000625784822719134,NA
2559193,"Blake Jarwin","DAL","TE",25,2,8,2.87240598509416,1.786,3.39764941660947,0.686340903587585,35,0.0384257307141853,9,1.61164941660947,NA,34,1.9,3.67454989956808,NA,NA,4500,0.000638312441132035,NA
2495888,"Marcedes Lewis","GB","TE",35,13,11,2.84332550875994,0.751516129032258,3.94896952363091,1.5214395827244,36,0.119378415279879,9,3.19745339459865,NA,39.9,4.6,6.65310795134615,NA,NA,4000,0.000710831377189986,NA
2560751,"Ryan Izzo","NE","TE",24,1,10,2.824635,1.086,4.13012790697674,1.88881556996578,37,0.231952806191336,9,3.04412790697674,NA,33.5,2.2,4.00550079421008,NA,NA,NA,NA,NA
2560967,"Kalen Ballage","MIA","RB",NA,1,5,2.78872747337292,1.74,3.83003269294802,1.15861171121079,58,0.0968849411961474,13,2.09003269294802,NA,56.6,5,6.37728249489329,NA,NA,5100,0.000546809308504493,NA
2559013,"Bobo Wilson","TB","WR",24,2,7,2.77148976957404,1.70125527638191,3.42420668693009,0.813692000911548,90,0.192505784779559,11,1.72295141054818,NA,99.9,5.7,5.35999956867232,NA,NA,4500,0.000615886615460898,NA
2555461,"Wendell Smallwood","WAS","RB",25,3,10,2.6968573721862,1.59,3.21470583922671,0.790228062426755,59,0.116386835126856,14,1.62470583922671,NA,64.9,1.7,3.75207043656542,NA,NA,4500,0.000599301638263599,NA
2562407,"Justice Hill","BAL","RB",49,0,8,2.68682769216734,2.0373,3.24523890577508,0.636303595322961,60,0.386131153863233,14,1.20793890577508,NA,54.3,2.4,3.81928479092768,NA,NA,4500,0.000597072820481632,NA
2558207,"Jonnu Smith","TEN","TE",24,2,11,2.62325918696013,2.131,2.93317179294824,0.382126677845859,38,0.103331845018436,10,0.802171792948237,NA,41,1.9,3.67454989956808,NA,NA,4500,0.00058294648599114,NA
2556519,"Alex Erickson","CIN","WR",27,3,9,2.59043037693838,1.05347311827957,4.11681672386182,1.73808414755569,92,0.0541935418565149,13,3.06334360558225,NA,100,3.4,3.98693588715327,NA,NA,4500,0.000575651194875195,NA
2555419,"Pharoh Cooper","ARI","WR",24,3,12,2.56753759265059,0.578,4.12588007489999,2.36917744997545,93,0.0811005078316387,13,3.54788007489999,NA,95.1,5.8,5.41969798960793,NA,NA,4800,0.00053490366513554,NA
2541834,"Josh Hill","NO","TE",29,6,9,2.5621052006572,2.08505376344086,2.8516015426349,0.368851426310367,39,0.138230459044106,10,0.766547779194039,NA,37.2,4.3,6.32215705670414,NA,NA,4600,0.000556979391447217,NA
2543614,"Donte Moncrief","PIT","WR",26,5,7,2.50493607751313,0.621,3.6217815390908,1.48522432347388,94,0.0439738260941946,13,3.0007815390908,NA,116.5,7.5,6.43457114551331,NA,NA,4600,0.000544551321198507,NA
2552559,"C.J. Uzomah","CIN","TE",26,4,9,2.47774948322619,1.19303225806452,3.14544575318142,0.849167538817184,40,0.109527267782007,10,1.9524134951169,NA,32.5,2.6,4.44676865373276,NA,NA,4000,0.000619437370806547,NA
2552429,"Ty Montgomery","NYJ","RB",26,4,4,2.47411338195134,1.56822652757079,3.30189957537829,0.862006463124299,61,0.460473534622897,14,1.7336730478075,NA,61.4,1.6,3.84752113190234,NA,NA,4600,0.000537850735206812,NA
2555317,"Tajae Sharpe","TEN","WR",25,3,11,2.46793809212477,2.043,2.84037242958981,0.429956146525083,95,0.0215920600646067,13,0.79737242958981,NA,101.2,3.5,4.04663430808888,NA,NA,4600,0.000536508280896689,NA
2558194,"Josh Reynolds","LAR","WR",24,2,9,2.45398641071311,1.414,3.11086128045773,0.963281685379249,96,0.0152807573058911,13,1.69686128045773,NA,91.1,7.1,6.19577746177087,NA,NA,5300,0.000463016303908134,NA
2539336,"Tavon Austin","DAL","WR",28,6,8,2.43870565340722,1.977,2.92258995758114,0.749697160627729,97,0.0382748915049964,13,0.945589957581138,NA,73,9.6,7.68823798516114,NA,NA,4500,0.000541934589646048,NA
2539336,"Tavon Austin","DAL","WR",28,6,8,2.43870565340722,1.977,2.92258995758114,0.749697160627729,97,0.135801390680031,13,0.945589957581138,NA,111.4,5.6,5.30030114773671,NA,NA,4500,0.000541934589646048,NA
2556463,"Stephen Anderson","FA","TE",26,3,NA,2.37,2.37,2.37,NA,41,0.0896039968408151,10,0,NA,NA,NA,NA,NA,NA,4000,0.0005925,NA
2555289,"Nick Vannett","PIT","TE",NA,3,7,2.36644443088836,1.699,2.82561044636159,0.574656956037166,42,0.215734421595911,10,1.12661044636159,NA,52.1,4.9,6.98405884598816,NA,NA,4500,0.000525876540197413,NA
2557960,"Ryan Switzer","PIT","WR",25,2,7,2.36215587039722,1.13335483870968,3.40934335688144,1.22320043105568,98,0.124523091255746,13,2.27598851817176,NA,115.3,4.9,4.88241220118743,NA,NA,4500,0.000524923526754939,NA
2556805,"Johnny Holton","PIT","WR",28,3,7,2.24365265505715,0.590032124586898,3.76080620386095,1.72327581672743,99,0.0678462034442444,13,3.17077407927405,NA,89.9,6.8,6.01668219896404,NA,NA,4500,0.000498589478901588,NA
2560761,"Richie James","SF","WR",24,1,4,2.23161290322581,1.046,2.95838913043478,1.69493495450415,100,0.205990863513424,13,1.91238913043478,NA,90.6,5.6,5.30030114773671,NA,NA,4600,0.000485133239831697,NA
2541187,"Demetrius Harris","CLE","TE",28,6,7,2.19434757543001,0.937,3.24978281839589,1.23531888316375,43,0.118818292169341,10,2.31278281839589,NA,32.2,4.2,6.21184009182347,NA,NA,4500,0.000487632794540003,NA
2555417,"C.J. Prosise","SEA","RB",25,3,11,2.12727969465688,0.97342,2.83424693617021,0.779399479167712,62,0.257653900608171,14,1.86082693617021,NA,63.9,4.7,5.40916871862723,NA,NA,4600,0.000462452107534104,NA
2559066,"Gehrig Dieter","FA","WR",NA,2,NA,2.12,2.12,2.12,NA,101,0.209674945212241,13,0,NA,NA,NA,NA,NA,NA,NA,NA,NA
2562738,"Irv Smith Jr.","MIN","TE",49,0,12,2.10707244315488,1.26252688172043,2.83108485273492,0.765382679715877,44,0.0665540559191551,10,1.56855797101449,NA,30.7,2.8,4.6674025834941,NA,NA,4500,0.000468238320701085,NA
2495139,"Charles Clay","ARI","TE",30,8,12,2.04398612336646,0.263034918193036,3.15878604026007,1.44328814368041,45,0.0263424247070772,10,2.89575112206703,NA,52.3,1.4,3.12296507516473,NA,NA,4500,0.000454219138525881,NA
2541199,"Luke Willson","SEA","TE",29,6,11,2.03705065110499,1.544,2.47000220367592,0.647036471392029,46,0.0541420245534934,11,0.926002203675919,NA,45.1,4.2,6.21184009182347,NA,NA,4200,0.000485012059786902,NA
2552468,"Maxx Williams","ARI","TE",25,4,12,1.99823674621378,1.34269892473118,2.70599311702926,0.908712204541843,47,0.0592875205374717,11,1.36329419229807,NA,48.3,4.6,6.65310795134615,NA,NA,4000,0.000499559186553446,NA
2552633,"Jesse James","DET","TE",25,4,5,1.9675805068892,1.263,2.66395755188797,0.849894251466706,48,0.207050993609531,11,1.40095755188797,NA,36.4,5.2,7.31500974063017,NA,NA,4000,0.000491895126722301,NA
2558954,"Taysom Hill","NO","QB",29,2,9,1.95770632861737,1.24984,2.60848170212766,0.850819057255644,30,0.654560668845852,10,1.35864170212766,NA,29.1,0.3,3.22159805833257,NA,NA,6000,0.000326284388102895,NA
2555209,"Chris Moore","BAL","WR",26,3,8,1.93124407942476,0.862,2.57781785538128,0.969233668656576,102,0.0623301269463226,13,1.71581785538128,NA,124.3,6,5.53909483147915,NA,NA,4500,0.000429165350983281,NA
2540203,"Levine Toilolo","SF","TE",28,6,4,1.91031794446342,1.639,2.15045119857946,0.268226914174709,49,0.307286903415462,11,0.511451198579462,NA,NA,NA,NA,NA,NA,4000,0.000477579486115856,NA
2563062,"Jon Hilliman","NYG","RB",49,0,11,1.9,1.9,1.9,NA,63,0.0752771680612452,15,0,NA,NA,NA,NA,NA,NA,NA,NA,NA
2557034,"Marvin Hall","DET","WR",26,3,5,1.88940603015075,0.121,2.98642005813954,1.62664093765605,103,0.0485752311942929,13,2.86542005813954,NA,95.8,5.9,5.47939641054354,NA,NA,NA,NA,NA
2561054,"Damion Ratley","CLE","WR",24,1,7,1.84842187480613,1.112,2.54216878169919,0.732113474108429,104,0.03416532506806,13,1.43016878169919,NA,102.5,3.8,4.22572957089571,NA,NA,4500,0.000410760416623584,NA
2560935,"Darrel Williams","KC","RB",NA,1,12,1.83925158809742,1.20034,2.43902872595085,0.677155399129328,64,0.0338127968641362,15,1.23868872595085,NA,52.6,4.6,5.13744053332648,NA,NA,6100,0.000301516653786462,NA
2562577,"Kelvin Harmon","WAS","WR",49,0,10,1.83323972310679,1.57582582582583,2.09678139534884,0.416398620499314,105,0.0444520333812881,13,0.520955569523011,NA,110.1,6.5,5.83758693615721,NA,NA,4500,0.000407386605134843,NA
2563327,"D'Ernest Johnson","CLE","RB",NA,0,7,1.81019407578009,1.66741307578009,1.96081395348837,0.239324358788538,65,0.243955007816781,15,0.293400877708283,NA,NA,NA,1.94474891415871,NA,NA,NA,NA,NA
2560938,"Jeffery Wilson","SF","RB",49,1,4,1.80068350668648,1.54,1.9502238372093,0.360624458405139,66,0.471604373884591,15,0.410223837209303,NA,65.1,5,4.69356861488645,NA,NA,NA,NA,NA
2543475,"Marqise Lee","JAC","WR",28,5,10,1.79527337636935,1.25252763819095,2.2915755424046,0.583274060073265,106,0.0353547492713071,13,1.03904790421365,NA,97,2.8,3.62874536153961,NA,NA,4600,0.000390276820949858,NA
2557870,"Taywan Taylor","CLE","WR",NA,2,7,1.78230200308166,-0.023,2.84887859327217,2.5335635969914,107,0.0484844488511336,13,2.87187859327217,NA,125,8.9,7.27034903861187,NA,NA,4500,0.000396067111795925,NA
2562865,"Scott Miller","TB","WR",49,0,7,1.73753525111441,0.448447251114413,2.45959302325581,1.12707647383541,108,0.0420179928019309,13,2.0111457721414,NA,117.6,7.7,6.55396798738454,NA,NA,NA,NA,NA
2552597,"Breshad Perriman","TB","WR",26,4,7,1.73009985734665,0,2.60812664907652,2.26274169979695,109,0.0756802935010181,13,2.60812664907652,NA,NA,NA,NA,NA,NA,4600,0.000376108664640576,NA
2560051,"Justin Watson","TB","WR",NA,1,7,1.66093465927832,0.915,2.39932228469962,1.12014000637468,110,0.0130709698307343,13,1.48432228469962,NA,128.3,3.9,4.28542799183132,NA,NA,4500,0.000369096590950737,NA
2560878,"Tre'Quan Smith","NO","WR",NA,1,9,1.64790446841294,-0.04,2.64512232415902,2.36880771697493,111,0.00932634650516539,13,2.68512232415902,NA,NA,NA,NA,NA,NA,4900,0.000336307034369988,NA
2552418,"Justin Hardy","ATL","WR",28,4,9,1.64782291048222,1.149,2.03833647035612,0.559860444260265,112,0.0531518734745036,13,0.889336470356121,NA,100.6,7,6.13607904083526,NA,NA,4500,0.000366182868996049,NA
2540202,"Kenny Stills","HOU","WR",27,6,10,1.62933333333333,0,2.58605957446809,2.27971226254543,113,0.145849874661917,13,2.58605957446809,NA,85.8,12.9,9.6582858760363,NA,NA,5300,0.000307421383647799,NA
2495187,"Lance Kendricks","LAC","TE",31,8,12,1.61074108209592,0.867,2.31039069142286,0.723227741458228,50,0.0348289065635734,11,1.44339069142286,NA,48.4,4.4,6.43247402158481,NA,NA,4900,0.000328722669815494,NA
2561293,"Deon Yelder","KC","TE",NA,1,12,1.595321,0.863,2.11562790697674,0.750771552032071,51,0.047360541537907,11,1.25262790697674,NA,49.6,3,4.88803651325544,NA,NA,NA,NA,NA
2555331,"Cody Core","NYG","WR",25,3,11,1.5600087406821,0.903032258064516,1.92711428571429,0.577640881589717,114,0.161325448147534,13,1.02408202764977,NA,108.1,6.1,5.59879325241476,NA,NA,4500,0.000346668609040467,NA
2543767,"Logan Thomas","DET","TE",28,5,5,1.5565033510647,0.64,2.27734289197299,0.869278457473174,52,0.0370621815587293,11,1.63734289197299,NA,45.9,6.6,8.85944724895954,NA,NA,4000,0.000389125837766174,NA
2495288,"Virgil Green","LAC","TE",31,8,12,1.53941756585949,0.796013412816691,2.02089591147787,0.614820340602091,53,0.0699338754961243,11,1.22488249866118,NA,51.9,4.2,6.21184009182347,NA,NA,4000,0.000384854391464873,NA
2552403,"Nick OLeary","MIA","TE",27,4,5,1.49946477315244,0.78,2.00394609630669,0.613605159801358,54,0.108893837169046,11,1.22394609630669,NA,54,3.2,5.10867044301678,NA,NA,4200,0.000357015422179153,NA
2560894,"Ian Thomas","CAR","TE",23,1,7,1.43950260757429,1.075,1.80626842261024,0.370412657281039,55,0.193682975378044,12,0.73126842261024,NA,59.3,3.5,5.43962133765879,NA,NA,4000,0.000359875651893573,NA
2561061,"Russell Gage","ATL","WR",23,1,9,1.40695817666073,0.836064516129032,1.74224285714286,0.51640788617222,115,0.0580826880710115,13,0.906178341013825,NA,119,5.6,5.30030114773671,NA,NA,4500,0.000312657372591273,NA
2506581,"Ryan Fitzpatrick","MIA","QB",37,14,5,1.39669131954303,0.0707600596125187,2.65902230295207,1.65981410454486,31,0.238213768466995,10,2.58826224333955,NA,34.9,2.1,7.58791727465839,NA,NA,6000,0.000232781886590506,NA
2543500,"Jordan Matthews","SF","WR",27,5,4,1.39040840840841,0.846,1.69594069767442,0.745290547370621,116,0.0832234028011782,13,0.849940697674419,NA,120.5,6.4,5.7778885152216,NA,NA,NA,NA,NA
2495234,"Luke Stocker","ATL","TE",31,8,9,1.3416392643925,0.812,1.68755188797199,0.462997605865345,56,0.202639264392497,12,0.875551887971993,NA,54,3.8,5.7705722323008,NA,NA,4000,0.000335409816098124,NA
2555223,"Devontae Booker","DEN","RB",27,3,10,1.33179462924014,0.401266766020864,1.94922706929141,0.734741424211602,67,0.0110786357239958,15,1.54796030327055,NA,78.4,4.3,5.09094960967994,NA,NA,4500,0.000295954362053364,NA
2539265,"Rex Burkhead","NE","RB",29,6,10,1.32636363636364,-0.16,2.20451070336391,2.08596500450032,68,0.020632739717837,15,2.36451070336391,NA,NA,NA,9.73739090345868,NA,NA,5300,0.000250257289879931,NA
2561146,"Boston Scott","PHI","RB",24,1,10,1.31506835066865,1.289,1.33002238372093,0.0360624458405139,69,0.0440576144983313,15,0.0410223837209303,NA,71.5,9.5,6.52867781227224,NA,NA,NA,NA,NA
2559153,"Keelan Cole","JAC","WR",26,2,10,1.30734256877103,0.66,1.73738938541975,0.62062853687987,117,0.000635579523715402,13,1.07738938541975,NA,108.8,5.2,5.06150746399427,NA,NA,4500,0.000290520570838006,NA
2553502,"DeAndre Carter","HOU","WR",26,4,10,1.30702744244343,0.318,1.87132945301543,0.876313503069374,118,0.0162359984167821,13,1.55332945301543,NA,129.8,4.4,4.58392009650938,NA,NA,4500,0.000290450542765207,NA
2558928,"Austin Carr","NO","WR",26,2,9,1.30638653605119,0.732021505376344,1.76770621118012,0.657182342609907,119,0.0794424276650632,13,1.03568470580378,NA,128.2,4.4,4.58392009650938,NA,NA,4500,0.000290308119122487,NA
2562797,"Qadree Ollison","ATL","RB",49,0,9,1.29639344262295,1.24,1.32854360465116,0.0777817459305203,70,0.0519546580760322,15,0.088543604651163,NA,85.1,7.1,5.27274663645082,NA,NA,NA,NA,NA
2561671,"Malik Turner","SEA","WR",49,1,11,1.27519635200211,1.229,1.30393984413535,0.0424798365336064,120,0.12127201734776,13,0.0749398441353459,NA,118.3,4.1,4.40482483370255,NA,NA,4500,0.00028337696711158,NA
2562665,"Travis Homer","SEA","RB",49,0,11,1.24562802971768,0.867,1.60426163654584,0.547843311241357,71,0.0406798621160431,15,0.737261636545838,NA,84.8,4.4,4.75260197991899,NA,NA,NA,NA,NA
2552374,"Ameer Abdullah","MIN","RB",26,4,12,1.24324953937615,0.92,1.53502401242236,0.325494728873075,72,0.119269936041766,16,0.61502401242236,NA,70.8,1.4,2.60351133972487,NA,NA,4500,0.000276277675416923,NA
2555316,"Paxton Lynch","PIT","QB",25,3,7,1.2096,1.2096,1.2096,NA,32,0.108922448923962,10,0,NA,NA,NA,NA,NA,NA,NA,NA,NA
2552654,"Geremy Davis","LAC","WR",27,4,12,1.17869186477014,0.107,2.21783274570527,1.36443236225032,121,0.0662048603503274,13,2.11083274570527,NA,111.7,4.6,4.7033169383806,NA,NA,4500,0.000261931525504476,NA
2562600,"Trayveon Williams","CIN","RB",49,0,9,1.16664679582712,1.1,1.20464244186047,0.0919238815542513,73,0.0952810426676027,16,0.104642441860465,NA,NA,NA,1.32273339056125,NA,NA,NA,NA,NA
2562740,"Kaden Smith","NYG","TE",NA,0,11,1.15,1.15,1.15,NA,57,0.0695516178736522,12,0,NA,53,6.6,8.85944724895954,NA,NA,NA,NA,NA
2560801,"Ray-Ray McCloud","CAR","WR",NA,1,7,1.12915680453856,1.008,1.16171443227779,0.107298524123934,122,0.0667482023880206,14,0.153714432277794,NA,NA,NA,NA,NA,NA,4500,0.000250923734341902,NA
2556508,"Alan Cross","FA","TE",26,3,NA,1.128,1.128,1.128,NA,58,0.11597842835131,12,0,NA,NA,NA,NA,NA,NA,NA,NA,NA
2558979,"Nick Mullens","SF","QB",49,2,4,1.10735510215208,0.08,2.05177407499242,1.21556287512247,33,0.0248021961447074,10,1.97177407499242,NA,NA,NA,6.00293508294908,NA,NA,6000,0.000184559183692013,NA
2555214,"Laquon Treadwell","MIN","WR",24,3,12,1.09581720430108,0.784,1.27891276595745,0.4362848839921,123,0.120900999406293,14,0.494912765957447,NA,112.2,6.9,6.07638061989965,NA,NA,NA,NA,NA
2563043,"David Blough","DET","QB",49,0,5,1.094,1.094,1.094,NA,34,0.0411235778491299,10,0,NA,NA,NA,NA,NA,NA,NA,NA,NA
2506467,"Darren Sproles","PHI","RB",36,14,10,1.08131241084165,0,1.63007915567282,1.41421356237309,74,0.026814899647827,16,1.63007915567282,NA,NA,NA,6.90266585478756,NA,NA,4600,0.00023506791540036,NA
2505996,"Eli Manning","NYG","QB",38,15,11,1.07110581201474,-0.12,2.43705095333866,1.6411181355719,35,0.108350273777049,10,2.55705095333866,NA,30.5,2.5,8.22343495711548,NA,NA,6000,0.00017851763533579,NA
2558273,"T.J. Logan","TB","RB",25,2,7,1.06141909547739,0,1.66347674418605,0.930246715799446,75,0.0179058155761795,16,1.66347674418605,NA,83.3,10.9,9.19933749833191,NA,NA,4500,0.000235870910106086,NA
2556803,"C.J. Ham","MIN","RB",26,3,12,1.04757592691027,0.736462462462462,1.31136645962733,0.306806758518104,76,0.0422645889588193,16,0.574903997164867,NA,74.1,2.3,3.06806445898894,NA,NA,4500,0.000232794650424504,NA
2558833,"Alexander Armah","CAR","RB",25,2,7,1.03945063289215,0.388,1.49633604651163,0.559385818704687,77,0.0759534167496575,16,1.10833604651163,NA,73.4,1.8,3.321002850901,NA,NA,4500,0.000230989029531588,NA
2533033,"Robert Griffin","BAL","QB",29,7,8,1.034647032287,0.05342,1.64549040677393,0.823433375706107,36,0.153972210192814,11,1.59207040677393,NA,NA,NA,4.68007933780534,NA,NA,6000,0.000172441172047834,NA
2534820,"Garrett Celek","SF","TE",31,7,4,1.0328967642527,0,1.64313455657492,1.44956890143242,59,0.0623235747303543,12,1.64313455657492,NA,NA,NA,NA,NA,NA,NA,NA,NA
2561067,"Cam Sims","WAS","WR",49,1,10,1.029,1.029,1.029,NA,124,0.140030394485124,14,0,NA,NA,NA,NA,NA,NA,NA,NA,NA
2559270,"Robert Tonyan","GB","TE",25,2,11,0.991146379044684,0.972,1.00245810397554,0.0268700576850888,60,0.0457903162203547,13,0.0304581039755352,NA,41.8,2.4,4.22613472397142,NA,NA,4000,0.000247786594761171,NA
2560777,"John Kelly","LAR","RB",23,1,9,0.971172043010753,0.438,1.28424468085106,0.745997654151808,78,0.017450240641453,16,0.846244680851064,NA,NA,NA,4.08286041163576,NA,NA,NA,NA,NA
2495328,"Bilal Powell","NYJ","RB",31,8,4,0.955822389274224,0.269520119225037,1.47537780093126,0.597012623688252,79,0.00949395093282412,16,1.20585768170622,NA,73.3,2.7,3.90437737809307,NA,NA,4500,0.000212404975394272,NA
2556493,"Tra Carson","GB","RB",27,3,11,0.951621215464375,-0.0194932935916542,1.45898888950707,0.676820437097214,80,0.0239228513251832,16,1.47848218309872,NA,53.2,6.6,6.25669782022427,NA,NA,4500,0.000211471381214306,NA
2553744,"Eric Tomlinson","FA","TE",NA,NA,NA,0.95,0.95,0.95,Inf,61,0.0170268200585535,13,0,NA,NA,NA,NA,NA,NA,NA,NA,NA
2560972,"Nick Bawden","DET","RB",23,1,5,0.941035661218425,0.733,1.06037470930233,0.287792459942925,81,0.0538198852888528,16,0.327374709302326,NA,NA,NA,2.14927953633167,NA,NA,NA,NA,NA
2552478,"Blake Bell","KC","TE",28,4,12,0.940712125648659,0.202021505376344,1.5378917291823,0.686921349053024,62,0.018827069761675,13,1.33587022380595,NA,61.6,2.6,4.44676865373276,NA,NA,4000,0.000235178031412165,NA
2507828,"Logan Paulsen","HOU","TE",32,9,10,0.925234234234234,0.183,1.34179011627907,1.01611244456507,63,0.0228509844280198,13,1.15879011627907,NA,NA,NA,NA,NA,NA,4000,0.000231308558558559,NA
2562466,"JJ Arcega-Whiteside","PHI","WR",NA,0,10,0.920832409789564,0.142,1.48999200947026,0.812992476410715,125,0.0702790091694703,14,1.34799200947026,NA,116.7,4.3,4.52422167557377,NA,NA,4500,0.000204629424397681,NA
2561060,"Ross Dwelley","SF","TE",49,1,4,0.918535877539733,0.102021505376344,1.53309114778695,0.76204441557113,64,0.0397000672598147,13,1.4310696424106,NA,57,8.5,10.9554695816923,NA,NA,4000,0.000229633969384933,NA
2495340,"Anthony Sherman","KC","RB",31,8,12,0.914361067059959,0.211,1.48609825581395,0.717528349275902,82,0.0548741711583638,16,1.27509825581395,NA,90.9,2.2,3.87866862530147,NA,NA,4500,0.000203191348235547,NA
2543477,"Blake Bortles","LAR","QB",28,5,9,0.890864044188376,0.0210134128166915,1.48734067647104,0.733082762350197,37,0.0353641681111098,11,1.46632726365435,NA,33.5,1.2,4.52387519245881,NA,NA,6000,0.000148477340698063,NA
2556365,"Seth DeValve","JAC","TE",26,3,10,0.886230622072696,0.138032258064516,1.4663248447205,0.823366380063635,65,0.0450179687635054,13,1.32829258665598,NA,53,6.5,8.74913028407887,NA,NA,4000,0.000221557655518174,NA
2560880,"Durham Smythe","MIA","TE",NA,1,5,0.871440998487141,0.05,1.48787841945289,0.722638144703374,66,0.07944884442152,13,1.43787841945289,NA,61.9,2.3,4.11581775909075,NA,NA,4000,0.000217860249621785,NA
2562651,"Ryan Finley","CIN","QB",49,0,9,0.8704856,0.6344,1.05746177370031,0.271902955769619,38,0.0302014118875202,11,0.423061773700306,NA,NA,NA,2.8194817910244,NA,NA,NA,NA,NA
2555432,"Andy Janovich","DEN","RB",26,3,10,0.860070484799185,0.272,1.33093139534884,0.548937082444661,83,0.00676675117391523,16,1.05893139534884,NA,91.9,4,4.53091697533167,NA,NA,4500,0.000191126774399819,NA
2561099,"Mike Boone","MIN","RB",49,1,12,0.858903307004006,0.291,1.25349787234043,0.476230849173034,84,0.0164688349665546,16,0.962497872340425,NA,79.9,4,4.37751039685307,NA,NA,4500,0.000190867401556446,NA
2553896,"Darius Jennings","TEN","WR",NA,NA,11,0.857106801240187,0.728301075268817,0.969764741641337,0.165044064246736,126,0.0351068012401874,15,0.24146366637252,NA,124.6,5.9,5.47939641054354,NA,NA,4500,0.000190468178053375,NA
2562281,"Damien Harris","NE","RB",49,0,10,0.847704160246533,-0.16,1.44305810397554,1.4142135623731,85,0.0243915854055187,16,1.60305810397554,NA,NA,NA,6.90266585478756,NA,NA,4500,0.000188378702277007,NA
2556190,"Jakeem Grant","MIA","WR",27,3,5,0.844,0.844,0.844,Inf,127,0.10190048815885,15,0,NA,89.2,6.1,5.59879325241476,NA,NA,4500,0.000187555555555556,NA
2541185,"Ryan Griffin","TB","QB",30,6,7,0.840514152154532,0.6972,0.928557238345807,0.135002053063385,39,0.0350401988250192,11,0.231357238345807,NA,NA,NA,2.35764419418496,NA,NA,NA,NA,NA
2552588,"Brett Hundley","ARI","QB",26,4,12,0.840054224070428,-0.01198,1.42214886788683,0.739031114891985,40,0.0763838811670433,11,1.43412886788683,NA,NA,NA,4.39534683033711,NA,NA,6000,0.000140009037345071,NA
2555218,"Dan Vitale","GB","RB",NA,3,11,0.83716478382837,0.079,1.44595988372093,0.70558438622193,86,0.0634511752138306,16,1.36695988372093,NA,84.2,4.9,5.36541890477198,NA,NA,4500,0.000186036618628527,NA
2557858,"Evan Engram","NYG","TE",25,2,11,0.810984308131241,0,1.05316622691293,0.870434936005348,68,0.047449308131241,13,1.05316622691293,NA,NA,NA,NA,NA,NA,6100,0.00013294824723463,NA
2562409,"Devine Ozigbo","JAC","RB",49,0,10,0.809460365853659,0.658,0.89978358662614,0.213546247918337,87,0.0984769401659483,17,0.24178358662614,NA,NA,NA,1.83596782042591,NA,NA,NA,NA,NA
2560867,"Jaleel Scott","BAL","WR",24,1,8,0.8,0.8,0.8,Inf,128,0.144684534851456,15,0,NA,NA,NA,NA,NA,NA,NA,NA,NA
2562626,"Andrew Beck","DEN","TE",49,0,10,0.773,0.773,0.773,NA,69,0.0266289825614497,13,0,NA,54.4,2,3.78486686444875,NA,NA,NA,NA,NA
2555427,"Nate Sudfeld","PHI","QB",26,3,10,0.770893682588598,0,1.22633944954128,1.08187337521542,41,0.0159598319575492,11,1.22633944954128,NA,NA,NA,5.55193120978814,NA,NA,6000,0.000128482280431433,NA
2562660,"Dwayne Haskins","WAS","QB",49,0,10,0.756447003218171,0.050222882615156,1.17219300911854,0.627190476090554,42,0.0522802517571836,11,1.12197012650339,NA,30.7,0.5,3.17791722362367,NA,NA,6500,0.000116376462033565,NA
2562720,"Drew Sample","CIN","TE",NA,0,9,0.75407,0.405,0.98906976744186,0.34103881932466,70,0.0170469817643519,13,0.58406976744186,NA,59.1,2,3.78486686444875,NA,NA,NA,NA,NA
2532956,"Ryan Tannehill","TEN","QB",31,7,11,0.753420698043926,0.0538,1.16138161019163,0.526379685867712,43,0.123949051702463,11,1.10758161019163,NA,34.3,1.6,4.84227023728344,NA,NA,6000,0.000125570116340654,NA
2558942,"Anthony Firkser","TEN","TE",49,1,11,0.7386720348771,0,1.15009489987176,0.548266604537595,71,0.0177995340800026,13,1.15009489987176,NA,NA,NA,NA,NA,NA,4000,0.000184668008719275,NA
2556528,"D.J. Foster","ARI","RB",NA,3,12,0.737966851375421,0,1.16712601235415,0.654843086956324,88,0.0677423658616186,17,1.16712601235415,NA,NA,NA,3.69819709909928,NA,NA,4500,0.000163992633638982,NA
2560866,"Dalton Schultz","DAL","TE",23,1,8,0.735374001594196,0.402,1.05822719429857,0.362722949215234,72,0.0341164362152954,13,0.656227194298575,NA,NA,NA,NA,NA,NA,4000,0.000183843500398549,NA
2559018,"Pharaoh Brown","CLE","TE",49,2,7,0.706371,0.254,0.969474164133739,0.400258222350823,73,0.0111483969866909,13,0.715474164133739,NA,49.3,5.6,7.75627760015285,NA,NA,NA,NA,NA
2562777,"Trevon Wesco","NYJ","TE",NA,0,4,0.696144130757801,0.529,0.792025872093023,0.231223917448001,74,0.0282324622203942,14,0.263025872093023,NA,NA,NA,NA,NA,NA,NA,NA,NA
2558886,"Darrell Daniels","ARI","TE",25,3,12,0.694301075268817,0.308,0.931102173913043,0.552250396106694,75,0.0812019443658192,14,0.623102173913043,NA,NA,NA,NA,NA,NA,4000,0.000173575268817204,NA
2543638,"DeAnthony Thomas","KC","WR",26,5,12,0.684199023682301,0.267763440860215,0.998963525835866,0.449566235809964,129,0.0692193656450444,15,0.731200084975651,NA,127,5.1,5.00180904305866,NA,NA,4500,0.000152044227484956,NA
2561524,"Dalyn Dawkins","TEN","RB",49,1,11,0.684,0.684,0.684,NA,89,0.0313565114066461,17,0,NA,NA,NA,NA,NA,NA,NA,NA,NA
2556118,"Dwayne Washington","NO","RB",NA,3,9,0.656448971027604,0,1.05321094224924,0.499507563051384,90,0.0148055200007255,17,1.05321094224924,NA,76.8,4,4.42662311901765,NA,NA,4500,0.000145877549117245,NA
2555365,"Brandon Allen","DEN","QB",27,3,10,0.654912804878049,0.223,0.912483525835866,0.608960359957855,44,0.0647272041862711,11,0.689483525835866,NA,NA,NA,3.95655085682353,NA,NA,NA,NA,NA
2557531,"Troymaine Pope","LAC","RB",26,3,12,0.648838006159104,0.0889695121951219,1.01461409942151,0.531231234523927,91,0.0178546627511152,17,0.92564458722639,NA,85.5,3.1,3.98957468836872,NA,NA,5000,0.000129767601231821,NA
2552401,"MyCole Pruitt","TEN","TE",27,4,11,0.641522261805996,0,1.1076132408102,0.574535001087494,76,0.0798701808273551,14,1.1076132408102,NA,62.6,1.8,3.56423293468741,NA,NA,4000,0.000160380565451499,NA
2562832,"Darwin Thompson","KC","RB",NA,0,12,0.634448895894653,0.046,1.10386973406031,0.550707149361693,92,0.0129644852043684,17,1.05786973406031,NA,88.8,4.5,4.81464273960292,NA,NA,4500,0.000140988643532145,NA
2539303,"Zach Line","NO","RB",29,6,9,0.627517790921324,0.301,0.964381976744186,0.391849044151132,93,0.0147922756917008,17,0.663381976744186,NA,79.9,3.4,3.86347972377361,NA,NA,4500,0.000139448397982516,NA
2562669,"Andy Isabella","ARI","WR",NA,0,12,0.626431906614786,0.035,1.26974250764526,0.972119213871043,130,0.0246682018849226,15,1.23474250764526,NA,91.9,7.7,6.55396798738454,NA,NA,4500,0.000139207090358841,NA
2558138,"Samaje Perine","CIN","RB",24,2,9,0.615451030459246,0.0289390243902439,1.06991299146975,0.65243687375598,94,0.0197924938738799,17,1.04097396707951,NA,NA,NA,3.6880431159387,NA,NA,4500,0.00013676689565761,NA
2559150,"Corey Clement","PHI","RB",NA,2,10,0.61,0.61,0.61,NA,95,0.0371912611932399,18,0,NA,NA,NA,NA,NA,NA,4500,0.000135555555555556,NA
2562404,"Will Grier","CAR","QB",49,0,7,0.604030487804878,0.265,0.80621094224924,0.478004184082106,45,0.0426228937783019,11,0.54121094224924,NA,NA,NA,3.51476790023105,NA,NA,NA,NA,NA
2535964,"Josh Bellamy","NYJ","WR",30,7,4,0.603527409459727,0.1,0.905709363663104,0.453315301077781,131,0.029527409459727,15,0.805709363663104,NA,112.1,6,5.53909483147915,NA,NA,4500,0.000134117202102162,NA
2558071,"Isaiah Ford","MIA","WR",23,2,5,0.6,0.6,0.6,NA,132,0.0666935975609756,15,0,NA,124.2,6.8,6.01668219896404,NA,NA,NA,NA,NA
2562654,"Zach Gentry","PIT","TE",49,0,7,0.584676,0.019,0.966732558139535,0.554188429925516,77,0.0720050590991167,14,0.947732558139535,NA,NA,NA,NA,NA,NA,NA,NA,NA
2562725,"Jordan Scarlett","CAR","RB",NA,0,7,0.581317073170732,0.477,0.643526443768997,0.147078210486802,96,0.0226668709493373,18,0.166526443768997,NA,91.9,3.9,3.62701630602628,NA,NA,NA,NA,NA
2561187,"Tim Boyle","GB","QB",49,1,11,0.576340713578678,0.11120059435364,0.832176291793313,0.413586120961248,46,0.0315069310219753,11,0.720975697439673,NA,NA,NA,3.29745243425032,NA,NA,NA,NA,NA
2555220,"Derek Watt","LAC","RB",27,3,12,0.564300404442789,0.219,0.879023708206687,0.356976626709372,97,0.0151467865032412,18,0.660023708206687,NA,78.5,1.9,2.94992760681217,NA,NA,4500,0.000125400089876175,NA
2558929,"Cethan Carter","CIN","RB",26,2,9,0.553,0.553,0.553,NA,98,0.015282283791329,19,0,NA,NA,NA,NA,NA,NA,4000,0.00013825,NA
2561482,"Chad Beebe","MIN","WR",49,1,12,0.548,0.548,0.548,NA,133,0.0372082354654439,15,0,NA,NA,NA,NA,NA,NA,4500,0.000121777777777778,NA
2555262,"Jeff Driskel","DET","QB",26,3,5,0.546474474474475,0,0.853166279069768,0.748118974495367,47,0.0205908523123989,11,0.853166279069768,NA,NA,NA,4.4260048841313,NA,NA,NA,NA,NA
2561344,"Buddy Howell","HOU","RB",49,1,10,0.545307235879095,0,0.700292151162791,0.392987712813571,99,0.0171237231261506,19,0.700292151162791,NA,NA,NA,2.5931931621356,NA,NA,4500,0.00012117938575091,NA
2562746,"Jarrett Stidham","NE","QB",49,0,10,0.54319309063893,0.0200430906389301,0.830872093023256,0.454672961253721,48,0.0378699150652133,11,0.810829002384326,NA,34.6,2.4,6.05542483480471,NA,NA,NA,NA,NA
2561027,"Tyler Conklin","MIN","TE",NA,1,12,0.538628161957282,0.127021505376344,0.897940566391598,0.423126195356749,78,0.0732713020350397,14,0.770919061015254,NA,65,1,2.68169721564205,NA,NA,4000,0.00013465704048932,NA
2495467,"Taiwan Jones","HOU","RB",31,8,10,0.530128196538247,0,0.758802431610942,0.428743374441158,100,0.0296321054200491,19,0.758802431610942,NA,NA,NA,2.74407853921282,NA,NA,4500,0.000117806265897388,NA
2555460,"Paul Perkins","DET","RB",25,3,5,0.526238828967643,0.168,0.737887155963303,0.502752921423635,101,0.0588621523332661,19,0.569887155963303,NA,NA,NA,3.05639155190643,NA,NA,4500,0.000116941961992809,NA
2560975,"Braxton Berrios","NYJ","WR",24,1,4,0.518612804878049,-0.012,0.835043161094225,0.748118974495367,134,0.0196274427825172,15,0.847043161094225,NA,121.8,6.9,6.07638061989965,NA,NA,NA,NA,NA
2543751,"David Fales","NYJ","QB",29,5,4,0.508574153685221,0.050222882615156,0.856110638297872,0.519859369924668,49,0.0122334509963532,11,0.805887755682716,NA,NA,NA,3.65596710390815,NA,NA,NA,NA,NA
2558091,"Noah Brown","DAL","WR",NA,2,8,0.502970724191063,0.049,0.771177675840979,0.637103209849079,135,0.0104707241910632,15,0.722177675840979,NA,NA,NA,NA,NA,NA,NA,NA,NA
2507282,"Matt Moore","KC","QB",35,12,12,0.502072197462213,0.02,0.90989511627907,0.472527750527904,50,0.0213635327265779,11,0.88989511627907,NA,NA,NA,3.49629305556658,NA,NA,6000,8.36786995770354e-05,NA
2562504,"Stanley Morgan","CIN","WR",49,0,9,0.495,0.495,0.495,NA,136,0.0263183422389339,15,0,NA,NA,NA,NA,NA,NA,NA,NA,NA
2495240,"Tyrod Taylor","LAC","QB",30,8,12,0.490609207915523,0.04,0.770916744186047,0.374426471680565,51,0.0294543265445179,11,0.730916744186047,NA,NA,NA,3.16534667045069,NA,NA,6000,8.17682013192539e-05,NA
2562956,"Juwann Winfree","DEN","WR",49,0,10,0.49,0.49,0.49,NA,137,0.0833721056797942,16,0,NA,NA,NA,NA,NA,NA,NA,NA,NA
2553900,"Daniel Brown","NYJ","TE",NA,NA,4,0.486713719844485,0,0.835480213803451,0.411714061096533,79,0.10580584158899,14,0.835480213803451,NA,NA,NA,NA,NA,NA,4500,0.000108158604409885,NA
2558112,"Brian Hill","ATL","RB",24,2,9,0.474753353268753,0.142266766020864,0.711670717541194,0.276856825693033,102,0.0342917776143842,19,0.56940395152033,NA,83.7,2.8,3.28486258293535,NA,NA,4500,0.000105500745170834,NA
2505982,"Matt Schaub","ATL","QB",38,15,9,0.470808121555746,0.19342,0.769421860465116,0.376369470273263,52,0.0528556908697902,11,0.576001860465116,NA,NA,NA,3.17190141028787,NA,NA,6000,7.84680202592911e-05,NA
2557987,"Matthew Dayes","NO","RB",NA,2,9,0.46,0.46,0.46,NA,103,0.0455384243456313,19,0,NA,NA,NA,NA,NA,NA,NA,NA,NA
2558167,"Joshua Dobbs","JAC","QB",24,2,10,0.451501641186264,-0.07738,0.720718705453875,0.372601873975744,53,0.0764316810223584,11,0.798098705453875,NA,NA,NA,3.15919135808579,NA,NA,6000,7.5250273531044e-05,NA
2560243,"Brandon Zylstra","CAR","WR",26,2,7,0.447363315522132,0.00954838709677419,0.769314285714286,0.459504717884151,138,0.0835085757635728,16,0.759765898617512,NA,NA,NA,NA,NA,NA,4500,9.94140701160294e-05,NA
2558956,"Jacob Hollister","FA","TE",26,2,NA,0.444,0.444,0.444,NA,80,0.136092121744506,15,0,NA,50.5,4.5,6.54279098646548,NA,NA,NA,NA,NA
2558990,"Patrick Ricard","BAL","RB",25,2,8,0.420923151308737,0.091,0.764447093023256,0.429297362371534,104,0.0209231513087373,19,0.673447093023256,NA,NA,NA,2.74641631381874,NA,NA,NA,NA,NA
2559325,"Trey Edmunds","PIT","RB",NA,NA,7,0.408,0.408,0.408,NA,105,0.0513476134745017,20,0,NA,NA,NA,NA,NA,NA,NA,NA,NA
2534871,"Derrick Coleman","FA","RB",29,7,NA,0.392,0.392,0.392,NA,106,0.087779403055308,20,0,NA,NA,NA,NA,NA,NA,NA,NA,NA
2549982,"Garrett Gilbert","CLE","QB",28,5,7,0.384403220185648,0.05342,0.692441094224924,0.349638313936328,54,0.0351245307299561,12,0.639021094224924,NA,NA,NA,3.08172338545861,NA,NA,6000,6.40672033642747e-05,NA
2560787,"Allen Lazard","GB","WR",24,1,11,0.36589247311828,0,0.580740425531915,0.51194530957906,139,0.0169496711383723,16,0.580740425531915,NA,113,4,4.34512641276694,NA,NA,4500,8.13094384707288e-05,NA
2505076,"Josh McCown","PHI","QB",40,17,10,0.365736700142163,0.04,0.715754069767442,0.401148119837669,55,0.0358425678875265,12,0.675754069767442,NA,NA,NA,3.25549261926848,NA,NA,6000,6.09561166903605e-05,NA
2556381,"Mike Thomas","LAR","WR",25,3,9,0.361817006398839,0.091,0.592130404941661,0.33603910890288,140,0.0437827076183512,16,0.501130404941661,NA,NA,NA,NA,NA,NA,4500,8.0403779199742e-05,NA
2563128,"Darrius Shepherd","GB","WR",49,0,11,0.336068597560976,0.149,0.447626747720365,0.263750829382582,141,0.0493642964857068,16,0.298626747720365,NA,121.8,5.3,5.12120588492988,NA,NA,NA,NA,NA
2559242,"Cooper Rush","DAL","QB",NA,2,8,0.332820678769222,0.06,0.459202431610942,0.223433418982579,56,0.026745567735001,12,0.399202431610942,NA,NA,NA,2.65596895840502,NA,NA,6000,5.54701131282036e-05,NA
2543497,"AJ McCarron","HOU","QB",29,5,10,0.326967585740052,0.06,0.526233920972644,0.236091480706599,57,0.074376267575857,12,0.466233920972644,NA,NA,NA,2.69867115168281,NA,NA,6000,5.4494597623342e-05,NA
2562270,"Myles Gaskin","MIA","RB",49,0,5,0.321304773050997,0.151393393393393,0.431030523255814,0.160784058283294,108,0.0391772405979045,21,0.279637129862421,NA,NA,NA,1.61331656699866,NA,NA,4500,7.14010606779992e-05,NA
2559044,"Antony Auclair","TB","TE",26,2,7,0.317815756510989,0.152021505376344,0.493623705926482,0.20216958753634,81,0.0323912727059882,15,0.341602200550138,NA,NA,NA,NA,NA,NA,4000,7.94539391277472e-05,NA
2562960,"John Ursua","SEA","WR",NA,0,11,0.3,0.3,0.3,NA,142,0.0362337885084767,16,0,NA,NA,NA,NA,NA,NA,NA,NA,NA
2552396,"Ben Koyack","JAC","TE",26,4,10,0.298,0.298,0.298,NA,82,0.0615755161949996,15,0,NA,NA,NA,NA,NA,NA,NA,NA,NA
2536044,"Jamize Olawale","DAL","RB",30,7,8,0.287136420838388,0.130165165165165,0.378119186046512,0.139119156812281,109,0.0145601121958739,21,0.247954020881346,NA,87.5,2.6,2.8822464677751,NA,NA,4500,6.38080935196417e-05,NA
2552576,"Sean Mannion","MIN","QB",27,4,12,0.285182636328389,0.06,0.468860547112462,0.21059559035428,58,0.0695960164759084,12,0.408860547112462,NA,NA,NA,2.6126603183221,NA,NA,6000,4.75304393880649e-05,NA
2561137,"Trenton Cannon","NYJ","RB",NA,1,4,0.277118644067797,0,0.440840978593272,0.388908729652601,110,0.0294498855023246,21,0.440840978593272,NA,89.3,5.8,5.20123265309221,NA,NA,4500,6.15819209039548e-05,NA
4487,"Matthew Slater","NE","WR",34,11,10,0.273408602150538,0,0.433951063829787,0.382544768621922,143,0.0993466917342833,16,0.433951063829787,NA,NA,NA,NA,NA,NA,4500,6.07574671445639e-05,NA
2552622,"Chris Manhertz","CAR","TE",NA,NA,7,0.272848967610001,0.13252688172043,0.368337888198758,0.136653546572418,83,0.0795064153308266,15,0.235811006478328,NA,62,2,3.78486686444875,NA,NA,4000,6.82122419025002e-05,NA
2539289,"Kenjon Barner","ATL","RB",30,6,9,0.268033973217231,0.08,0.438102500245122,0.252215306001334,111,0.0407304293035173,21,0.358102500245122,NA,80.8,3,3.34486659162092,NA,NA,4500,5.95631051593846e-05,NA
2558905,"JoJo Natson","LAR","WR",25,3,9,0.254123820832509,0.0383978494623656,0.398600607902736,0.208385049406709,144,0.182123820832509,16,0.36020275844037,NA,NA,NA,NA,NA,NA,4500,5.64719601850019e-05,NA
2555234,"Tyler Ervin","JAC","RB",26,3,10,0.227303543913713,0.202,0.242720807453416,0.0360624458405139,112,0.0186302665805126,21,0.0407208074534161,NA,71.7,9.7,6.64067421630436,NA,NA,4500,5.05118986474919e-05,NA
2555234,"Tyler Ervin","JAC","RB",26,3,10,0.227303543913713,0.202,0.242720807453416,0.0360624458405139,112,0.0466207482147887,21,0.0407208074534161,NA,109,5,4.00875872154958,NA,NA,4500,5.05118986474919e-05,NA
2560720,"Luke Falk","FA","QB",25,1,NA,0.22,0.22,0.22,NA,59,0.0448897056098139,12,0,NA,31.6,3.3,11.676529783358,NA,NA,NA,NA,NA
497123,"Colt McCoy","WAS","QB",33,9,10,0.211173239704962,-0.244504504504505,0.598945930232558,0.57547985222504,60,0.141572523564791,12,0.843450434737063,NA,30.4,2.5,6.42596023579428,NA,NA,6800,3.10548881919061e-05,NA
2560734,"Troy Fumagalli","DEN","TE",NA,1,10,0.2,0.2,0.2,Inf,84,0.0201574477208259,15,0,NA,NA,NA,NA,NA,NA,NA,NA,NA
2550400,"Keith Smith","ATL","RB",27,5,9,0.190043010752688,0.092,0.232372340425532,0.123743686707646,113,0.0336883460079196,21,0.140372340425532,NA,NA,NA,1.45700984023514,NA,NA,NA,NA,NA
2558875,"Johnny Mundt","LAR","TE",49,2,9,0.186685104558348,0,0.385158976370232,0.310774182869946,85,0.0601851045583482,15,0.385158976370232,NA,NA,NA,NA,NA,NA,4000,4.6671276139587e-05,NA
2555306,"David Morgan","MIN","TE",26,3,12,0.173,0.173,0.173,NA,86,0.11,15,0,NA,NA,NA,NA,NA,NA,NA,NA,NA
2495262,"Nick Bellore","SEA","RB",30,8,11,0.171322580645161,0,0.271921276595745,0.23970919882224,114,0.0778772801829117,21,0.271921276595745,NA,NA,NA,1.9463729012689,NA,NA,4500,3.80716845878136e-05,NA
2550235,"Roosevelt Nix","PIT","RB",NA,NA,7,0.141386748844376,-0.04,0.248550458715596,0.254558441227157,115,0.118634822804314,21,0.288550458715596,NA,94.3,3,3.34981049177544,NA,NA,4500,3.14192775209724e-05,NA
2539335,"Geno Smith","SEA","QB",29,6,11,0.13904734907541,0.030030487804878,0.244727322286499,0.160187651565608,61,0.138970307472945,12,0.214696834481621,NA,NA,NA,2.44260825254614,NA,NA,6000,2.31745581792351e-05,NA
2561653,"KhaDarel Hodge","CLE","WR",49,1,7,0.094,0.094,0.094,NA,145,0.069,16,0,NA,NA,NA,NA,NA,NA,4500,2.08888888888889e-05,NA
2558929,"Cethan Carter","CIN","TE",26,2,9,0.08,0.08,0.08,NA,87,0.0395,15,0,NA,NA,NA,NA,NA,NA,4000,2e-05,NA
2560936,"Cedrick Wilson","DAL","WR",NA,1,8,0.05,0.05,0.05,NA,146,0.05,0,0,NA,NA,NA,NA,NA,NA,4500,1.11111111111111e-05,NA
2553554,"Matt Lengel","FA","TE",NA,NA,NA,0.046,0.046,0.046,NA,88,0.026,15,0,NA,NA,NA,NA,NA,NA,NA,NA,NA
2562784,"Dexter Williams","GB","RB",NA,0,11,0.0455038520801233,0.045,0.0458015290519878,0.000707106781186548,116,0.0455038520801233,22,0.00080152905198777,NA,91.5,2.7,2.64620204758362,NA,NA,4500,1.01119671289163e-05,NA
2558049,"Michael Roberts","FA","TE",25,2,NA,0.035,0.035,0.035,NA,89,0.0325,15,0,NA,NA,NA,NA,NA,NA,NA,NA,NA
2562693,"Josh Oliver","JAC","TE",NA,0,10,0.005,0.005,0.005,NA,90,0.005,15,0,NA,NA,NA,NA,NA,NA,NA,NA,NA
2555387,"Cody Kessler","NE","QB",26,3,10,0.000154083204930659,-0.02,0.0120611620795107,0.0282842712474619,62,0.000154083204930659,13,0.0320611620795107,NA,NA,NA,1.99762988515107,NA,NA,NA,NA,NA
1581,"DeSean Jackson","PHI","WR",33,11,10,0,0,0,NA,147,0,0,0,NA,NA,NA,NA,NA,NA,6300,0,NA
100003,"Bills","BUF","DST",NA,NA,6,0,0,0,NA,29,0,6,0,NA,NA,NA,NA,NA,NA,NA,NA,NA
100005,"Bears","CHI","DST",NA,NA,6,0,0,0,NA,29,NA,6,0,NA,NA,NA,NA,NA,NA,NA,NA,NA
2495450,"A.J. Green","CIN","WR",31,8,9,0,0,0,NA,147,0,0,0,NA,NA,NA,NA,NA,NA,7100,0,NA
2495455,"Cam Newton","CAR","QB",30,8,7,0,0,0,NA,63,0,13,0,NA,NA,NA,NA,NA,NA,7500,0,NA
2495826,"Vernon Davis","WAS","TE",35,13,10,0,0,0,NA,91,0,0,0,NA,NA,NA,NA,NA,NA,4800,0,NA
2503471,"Adam Vinatieri","IND","K",47,23,6,0,0,0,NA,29,0,4,0,NA,NA,NA,NA,NA,NA,NA,NA,NA
2504775,"Drew Brees","NO","QB",40,18,9,0,0,0,0,63,0,13,0,NA,NA,NA,1.90221239992591,NA,NA,6000,0,NA
2507374,"Steven Hauschka","BUF","K",NA,NA,6,0,0,0,NA,29,0,4,0,NA,NA,NA,NA,NA,NA,NA,NA,NA
2532865,"T.Y. Hilton","IND","WR",30,7,6,0,0,0,NA,147,0,0,0,NA,NA,NA,NA,NA,NA,NA,NA,NA
2540230,"Kyle Juszczyk","SF","RB",28,6,4,0,0,0,NA,117,0,22,0,NA,NA,NA,NA,NA,NA,4500,0,NA
2543457,"Sammy Watkins","KC","WR",26,5,12,0,0,0,NA,147,0,0,0,NA,71,21.1,14.5535563927564,NA,NA,6800,0,NA
2543466,"Eric Ebron","IND","TE",26,5,6,0,0,0,NA,91,0,0,0,NA,NA,NA,NA,NA,NA,NA,NA,NA
2543495,"Davante Adams","GB","WR",27,5,11,0,0,0,0,147,0,17,0,NA,42.4,20.7,14.3147627090139,NA,NA,8000,0,NA
2543509,"Allen Robinson","CHI","WR",26,5,6,0,0,0,NA,147,0,0,0,NA,NA,NA,NA,NA,NA,NA,NA,NA
2550284,"Trey Burton","CHI","TE",28,5,6,0,0,0,NA,91,0,0,0,NA,NA,NA,NA,NA,NA,NA,NA,NA
2552408,"Darren Waller","OAK","TE",27,4,6,0,0,0,NA,91,0,0,0,NA,NA,NA,NA,NA,NA,NA,NA,NA
2552424,"Phillip Dorsett","NE","WR",26,4,10,0,0,0,NA,147,0,0,0,NA,NA,NA,NA,NA,NA,5200,0,NA
2552475,"Todd Gurley","LAR","RB",25,4,9,0,0,0,0,117,0,23,0,NA,21.2,16.7,10.48445836928,NA,NA,7100,0,NA
2555261,"Jacoby Brissett","IND","QB",27,3,6,0,0,0,NA,63,0,13,0,NA,NA,NA,NA,NA,NA,NA,NA,NA
2555295,"Sterling Shepard","NYG","WR",NA,3,11,0,0,0,NA,147,0,0,0,NA,NA,NA,NA,NA,NA,6200,0,NA
2556603,"Tre Madden","FA","RB",26,3,NA,0,0,0,NA,117,0,22,0,NA,NA,NA,NA,NA,NA,NA,NA,NA
2557917,"Kareem Hunt","CLE","RB",24,2,7,0,0,0,NA,117,0,22,0,NA,NA,NA,NA,NA,NA,4500,0,NA
2557922,"C.J. Beathard","SF","QB",26,2,4,0,0,0,NA,63,0,13,0,NA,NA,NA,NA,NA,NA,6000,0,NA
2557952,"Wayne Gallman","NYG","RB",25,2,11,0,0,0,NA,117,0,22,0,NA,NA,NA,NA,NA,NA,5900,0,NA
2557986,"David Njoku","CLE","TE",23,2,7,0,0,0,NA,91,0,0,0,NA,NA,NA,NA,NA,NA,NA,NA,NA
2558010,"John Ross","CIN","WR",NA,2,9,0,0,0,NA,147,0,0,0,NA,NA,NA,NA,NA,NA,6200,0,NA
2558123,"Marlon Mack","IND","RB",NA,2,6,0,0,0,NA,117,0,22,0,NA,NA,NA,NA,NA,NA,NA,NA,NA
2558985,"Tim Patrick","DEN","WR",26,2,10,0,0,0,NA,147,0,0,0,NA,NA,NA,NA,NA,NA,4500,0,NA
2559394,"Lance Lenoir","DAL","WR",24,2,8,0,0,0,NA,147,0,0,0,NA,NA,NA,NA,NA,NA,NA,NA,NA
2560738,"Chris Herndon","NYJ","TE",NA,1,4,0,0,0,0,91,NA,16,0,NA,NA,NA,NA,NA,NA,5400,0,NA
2560756,"Justin Jackson","LAC","RB",24,1,12,0,0,0,NA,117,0,22,0,NA,78.8,6.8,8.94644909232133,NA,NA,5000,0,NA
2560786,"Kyle Lauletta","FA","QB",24,1,NA,0,0,0,NA,63,0,13,0,NA,NA,NA,NA,NA,NA,6000,0,NA
2560842,"Eddy Pineiro","CHI","K",NA,1,6,0,0,0,0,29,0,5,0,NA,NA,NA,-0.198279773701044,NA,NA,NA,NA,NA
2560862,"Jaylen Samuels","PIT","RB",23,1,7,0,0,0,NA,117,0,22,0,NA,NA,NA,NA,NA,NA,5000,0,NA
2560920,"James Washington","PIT","WR",23,1,7,0,0,0,NA,147,0,0,0,NA,NA,NA,NA,NA,NA,5000,0,NA
2560955,"Josh Allen","BUF","QB",23,1,6,0,0,0,NA,63,NA,13,0,NA,NA,NA,NA,NA,NA,NA,NA,NA
2560968,"Saquon Barkley","NYG","RB",22,1,11,0,0,0,0,117,0,22,0,NA,NA,NA,0.934823647058885,NA,NA,8600,0,NA
2560993,"Daniel Carlson","OAK","K",24,1,6,0,0,0,NA,29,NA,4,0,NA,NA,NA,NA,NA,NA,NA,NA,NA
2561000,"Derrius Guice","WAS","RB",22,1,10,0,0,0,NA,117,0,22,0,NA,NA,NA,NA,NA,NA,5200,0,NA
2561358,"J.J. Jones","FA","WR",49,1,NA,0,0,0,NA,147,0,0,0,NA,NA,NA,NA,NA,NA,NA,NA,NA
2562292,"Gary Jennings","SEA","WR",NA,0,11,0,0,0,NA,147,0,0,0,NA,NA,NA,NA,NA,NA,4500,0,NA
2562377,"Josh Jacobs","OAK","RB",49,0,6,0,0,0,NA,117,NA,22,0,NA,NA,NA,NA,NA,NA,NA,NA,NA
2562379,"Marquise Brown","BAL","WR",49,0,8,0,0,0,NA,147,0,0,0,NA,27.1,5.2,5.06150746399427,NA,NA,5800,0,NA
2562659,"N'Keal Harry","NE","WR",49,0,10,0,0,0,NA,147,NA,0,0,NA,NA,NA,NA,NA,NA,NA,NA,NA
